,0
0,新英格兰地区
1,中大西洋地区
2,东南地区
3,五大湖区
4,南方地区
5,中西部地区
6,落基山区
7,太平洋海岸区
8,西南地区
9,赫拉特
10,喀布尔
11,坎大哈
12,马扎里沙里夫
13,本戈
14,本格拉
15,比耶
16,卡宾达
17,宽多库邦戈
18,库内内
19,北宽扎
20,南宽扎
21,万博
22,威拉
23,北隆达
24,南隆达
25,罗安达
26,马兰热
27,莫希科
28,纳米贝
29,威热
30,扎伊尔
31,培拉特
32,迪勃拉
33,都拉斯
34,爱尔巴桑
35,费里
36,吉诺卡斯特
37,科尔察
38,库克斯
39,莱什
40,斯库台
41,地拉那
42,发罗拉
43,卡尼略
44,恩坎普
45,马萨纳
46,奥尔迪诺
47,圣胡利娅－德洛里亚
48,安道尔城
49,莱塞斯卡尔德－恩戈尔达
50,艾因
51,阿布扎比
52,迪拜
53,沙迦
54,圣拉斐尔
55,布兰卡港
56,布宜诺斯艾利斯
57,科连特斯
58,肯考迪娅
59,科尔多瓦
60,里瓦达维亚海军准将城
61,卡塔马卡
62,福莫萨
63,拉里奥哈
64,胡胡伊
65,拉普拉塔
66,圣路易斯
67,马德普拉塔
68,门多萨
69,内乌肯
70,巴拉那
71,波萨达斯
72,里奥夸尔托
73,特雷利乌
74,雷西斯滕匹亚
75,里奥加耶戈斯
76,罗萨里奥
77,圣罗莎
78,罗森
79,圣地亚哥-德尔埃斯特罗
80,圣菲
81,萨尔塔
82,圣米格尔-德图库曼
83,圣尼古拉斯
84,圣胡安
85,乌斯怀亚
86,别德马
87,克劳斯城
88,阿拉加措特恩
89,阿拉拉特
90,阿尔马维尔
91,埃里温市
92,格加尔库尼克
93,科泰克
94,洛里
95,希拉克
96,休尼克
97,塔武什
98,瓦约茨·佐尔
99,阿纳
100,艾加伊勒泰
101,阿图阿
102,法塞莱莱阿加
103,加盖福毛加
104,加加埃毛加
105,帕劳利
106,萨图帕伊泰阿
107,萨瓦伊岛
108,图阿马萨加
109,乌波卢岛
110,瓦奥福诺蒂
111,韦西加诺
112,达尔文
113,北帕默斯顿
114,阿德莱德
115,甘比亚山
116,默里布里奇
117,林肯港
118,皮里港
119,奥古斯塔港
120,维克托港
121,怀阿拉
122,奥尔巴尼
123,班伯里
124,弗里曼特尔港
125,杰拉尔顿
126,卡尔古利
127,曼哲拉
128,珀斯
129,堪培拉
130,悉尼
131,纽卡斯尔
132,伍伦贡
133,布里斯班
134,凯恩斯
135,日光海岸
136,黄金海岸
137,汤斯维尔
138,图文巴
139,伯尼港
140,德文波特
141,霍巴特
142,朗塞斯顿
143,吉朗
144,墨尔本
145,布尔根兰
146,克恩顿
147,下奥地利
148,施蒂利亚
149,萨尔茨堡
150,蒂罗尔
151,上奥地利
152,维也纳
153,福拉尔贝格
154,占贾
155,纳希切万
156,舍基
157,阿布歇隆
158,卡尔巴卡尔
159,连科兰
160,密尔-卡拉巴赫
161,穆甘-萨连
162,纳戈尔诺－卡拉巴赫
163,普利亚拉克斯
164,卡扎赫
165,锡尔万
166,苏姆盖特
167,哈奇马斯
168,布班扎
169,布琼布拉城市
170,布鲁里
171,布琼布拉乡村
172,坎库佐
173,锡比托凯
174,基特加
175,基龙多
176,卡鲁济
177,卡扬扎
178,马坎巴
179,穆拉姆维亚
180,穆瓦洛
181,穆因加
182,恩戈齐
183,鲁塔纳
184,鲁伊吉
185,布鲁塞尔
186,安特卫普
187,佛兰芒-布拉班特
188,林堡
189,东佛兰德
190,西佛兰德
191,布拉班特-瓦隆
192,埃诺
193,列日
194,卢森堡
195,那慕尔
196,阿塔科拉
197,阿黎博里
198,大西洋
199,博尔古
200,丘陵
201,峡谷
202,库福
203,滨海
204,莫诺
205,韦梅
206,高原
207,祖
208,波希康市
209,巴雷
210,巴姆
211,巴瓦
212,巴泽加
213,布尔古
214,布尔基恩德
215,布古里巴
216,科莫埃
217,冈祖尔古
218,尼亚尼亚
219,古尔马
220,乌埃
221,伊奥巴
222,卡焦戈
223,凯内杜古
224,库尔佩罗戈
225,科蒙加里
226,孔皮恩加
227,孔西
228,库里滕加
229,库尔维奥戈
230,雷拉巴
231,罗卢姆
232,穆翁
233,纳乌里
234,纳门滕加
235,纳亚拉
236,努姆比埃尔
237,乌布里滕加
238,乌达兰
239,帕索雷
240,波尼
241,桑吉
242,桑马滕加
243,塞诺
244,锡西里
245,苏姆
246,苏鲁
247,塔波阿
248,图伊
249,亚加
250,亚滕加
251,济罗
252,宗多马
253,宗德韦奥戈
254,吉大港
255,达卡
256,库尔纳
257,布尔加斯
258,索非亚市
259,卡斯科伏
260,洛维奇
261,蒙塔纳
262,普罗夫迪夫
263,鲁塞
264,索非亚
265,瓦尔纳
266,哈德
267,穆哈拉格
268,麦纳麦
269,北部
270,中部
271,伊萨城
272,里法
273,西部
274,哈马德
275,波斯尼亚－波德里涅
276,西波斯尼亚
277,黑塞哥维那－涅雷特瓦
278,波萨维纳
279,萨拉热窝
280,中波斯尼亚
281,多米斯拉夫格勒
282,图兹拉－波德里涅
283,乌纳－萨纳
284,泽尼察－多博伊
285,西黑塞哥维那
286,布列斯特
287,戈梅利
288,格罗德诺
289,莫吉廖夫
290,明斯克市
291,维捷布斯克
292,伯利兹
293,科罗萨尔
294,卡约
295,橘园
296,斯坦港
297,托莱多
298,奥尔托
299,贝尼
300,科恰班巴
301,丘基萨卡
302,拉巴斯
303,奥鲁罗
304,潘多
305,波多西
306,基拉科洛
307,萨卡巴
308,圣克鲁斯
309,塔里哈
310,阿克里
311,阿拉戈斯
312,亚马孙
313,阿马帕
314,巴伊亚
315,塞阿拉
316,圣埃斯皮里图
317,戈亚斯
318,马拉尼昂
319,米纳斯吉拉斯
320,南马托格罗索
321,马托格罗索
322,帕拉
323,帕拉伊巴
324,伯南布哥
325,皮奥伊
326,巴拉那
327,里约热内卢
328,北里奥格兰德
329,朗多尼亚
330,罗赖马
331,南里奥格兰德
332,圣卡塔琳娜
333,塞尔希培
334,圣保罗
335,托坎廷斯
336,巴西利亚
337,瓦姆
338,巴明吉-班戈兰
339,宾博
340,下科托
341,上科托
342,上姆博穆
343,曼贝雷-卡代
344,纳纳-格里比齐
345,凯莫
346,洛巴伊
347,姆博穆
348,翁贝拉-姆波科
349,纳纳-曼贝雷
350,瓦姆-彭代
351,桑加-姆巴埃雷
352,瓦卡
353,瓦卡加
354,班吉直辖市
355,阿伯茨福
356,巴里
357,基奇纳
358,卡里加里
359,布列塔尼角
360,夏洛特敦
361,埃德蒙顿
362,弗雷德里顿
363,圭尔夫
364,哈利法克斯
365,哈密尔顿
366,伊魁特
367,金斯敦
368,基劳纳
369,伦敦
370,蒙特利尔
371,奥沙瓦
372,渥太华
373,魁北克
374,里贾纳
375,萨斯卡通
376,舍布鲁克
377,圣卡塔琳娜
378,圣约翰斯
379,萨德伯里
380,桑德贝
381,多伦多
382,三河城
383,温哥华
384,维多利亚
385,温莎
386,温尼伯
387,怀特霍斯
388,耶洛奈夫
389,阿尔高
390,内阿彭策尔
391,外阿彭策尔
392,伯尔尼
393,巴塞尔乡村
394,巴塞尔城市
395,弗里堡
396,日内瓦
397,格拉鲁斯
398,格劳宾登
399,汝拉
400,洛桑
401,卢塞恩
402,纳沙泰尔
403,下瓦尔登
404,上瓦尔登
405,圣加仑
406,沙夫豪森
407,索洛图恩
408,施维茨
409,图尔高
410,提契诺
411,乌里
412,沃
413,瓦莱
414,楚格
415,苏黎世
416,伊瓦涅斯将军的艾森大区
417,安托法加斯塔大区
418,阿劳卡尼亚大区
419,阿塔卡马大区
420,比奥比奥大区
421,科金博大区
422,复活节岛
423,湖大区
424,麦哲伦-智利南极大区
425,马乌莱大区
426,圣地亚哥
427,塔拉帕卡大区
428,瓦尔帕莱索大区
429,东城
430,西城
431,朝阳
432,丰台
433,石景山
434,海淀
435,门头沟
436,房山
437,通州
438,顺义
439,昌平
440,大兴
441,平谷
442,怀柔
443,密云
444,延庆
445,和平
446,河东
447,河西
448,南开
449,河北
450,红桥
451,东丽
452,西青
453,津南
454,北辰
455,宁河
456,武清
457,静海
458,宝坻
459,蓟县
460,滨海新区
461,石家庄
462,唐山
463,秦皇岛
464,邯郸
465,邢台
466,保定
467,张家口
468,承德
469,沧州
470,廊坊
471,衡水
472,太原
473,大同
474,阳泉
475,长治
476,晋城
477,朔州
478,晋中
479,运城
480,忻州
481,临汾
482,吕梁
483,呼和浩特
484,包头
485,乌海
486,赤峰
487,通辽
488,鄂尔多斯
489,呼伦贝尔
490,巴彦淖尔
491,乌兰察布
492,兴安
493,锡林郭勒
494,阿拉善
495,沈阳
496,大连
497,鞍山
498,抚顺
499,本溪
500,丹东
501,锦州
502,营口
503,阜新
504,辽阳
505,盘锦
506,铁岭
507,朝阳
508,葫芦岛
509,长春
510,吉林
511,四平
512,辽源
513,通化
514,白山
515,松原
516,白城
517,延边
518,哈尔滨
519,齐齐哈尔
520,鸡西
521,鹤岗
522,双鸭山
523,大庆
524,伊春
525,佳木斯
526,七台河
527,牡丹江
528,黑河
529,绥化
530,大兴安岭
531,黄浦
532,卢湾
533,徐汇
534,长宁
535,静安
536,普陀
537,闸北
538,虹口
539,杨浦
540,闵行
541,宝山
542,嘉定
543,浦东新区
544,金山
545,松江
546,奉贤
547,青浦
548,崇明
549,南京
550,无锡
551,徐州
552,常州
553,苏州
554,南通
555,连云港
556,淮安
557,盐城
558,扬州
559,镇江
560,泰州
561,宿迁
562,杭州
563,宁波
564,温州
565,嘉兴
566,湖州
567,绍兴
568,金华
569,衢州
570,舟山
571,台州
572,丽水
573,合肥
574,芜湖
575,蚌埠
576,淮南
577,马鞍山
578,淮北
579,铜陵
580,安庆
581,黄山
582,滁州
583,阜阳
584,宿州
585,六安
586,亳州
587,池州
588,宣城
589,福州
590,厦门
591,莆田
592,三明
593,泉州
594,漳州
595,南平
596,龙岩
597,宁德
598,南昌
599,景德镇
600,萍乡
601,九江
602,新余
603,鹰潭
604,赣州
605,吉安
606,宜春
607,抚州
608,上饶
609,济南
610,青岛
611,淄博
612,枣庄
613,东营
614,烟台
615,潍坊
616,济宁
617,泰安
618,威海
619,日照
620,莱芜
621,临沂
622,德州
623,聊城
624,滨州
625,菏泽
626,郑州
627,开封
628,洛阳
629,平顶山
630,安阳
631,鹤壁
632,新乡
633,焦作
634,濮阳
635,许昌
636,漯河
637,三门峡
638,南阳
639,商丘
640,信阳
641,周口
642,驻马店
643,济源
644,武汉
645,黄石
646,十堰
647,宜昌
648,襄阳
649,鄂州
650,荆门
651,孝感
652,荆州
653,黄冈
654,咸宁
655,随州
656,恩施
657,仙桃
658,潜江
659,天门
660,神农架
661,长沙
662,株洲
663,湘潭
664,衡阳
665,邵阳
666,岳阳
667,常德
668,张家界
669,益阳
670,郴州
671,永州
672,怀化
673,娄底
674,湘西
675,广州
676,韶关
677,深圳
678,珠海
679,汕头
680,佛山
681,江门
682,湛江
683,茂名
684,肇庆
685,惠州
686,梅州
687,汕尾
688,河源
689,阳江
690,清远
691,东莞
692,中山
693,潮州
694,揭阳
695,云浮
696,南宁
697,柳州
698,桂林
699,梧州
700,北海
701,防城港
702,钦州
703,贵港
704,玉林
705,百色
706,贺州
707,河池
708,来宾
709,崇左
710,海口
711,三亚
712,三沙
713,五指山
714,琼海
715,儋州
716,文昌
717,万宁
718,东方
719,定安
720,屯昌
721,澄迈
722,临高
723,白沙
724,昌江
725,乐东
726,陵水
727,保亭
728,琼中
729,万州
730,涪陵
731,渝中
732,大渡口
733,江北
734,沙坪坝
735,九龙坡
736,南岸
737,北碚
738,万盛
739,双桥
740,渝北
741,巴南
742,长寿
743,綦江
744,潼南
745,铜梁
746,大足
747,荣昌
748,璧山
749,梁平
750,城口
751,丰都
752,垫江
753,武隆
754,忠县
755,开县
756,云阳
757,奉节
758,巫山
759,巫溪
760,黔江
761,石柱
762,秀山
763,酉阳
764,彭水
765,江津
766,合川
767,永川
768,南川
769,两江新区
770,成都
771,自贡
772,攀枝花
773,泸州
774,德阳
775,绵阳
776,广元
777,遂宁
778,内江
779,乐山
780,南充
781,眉山
782,宜宾
783,广安
784,达州
785,雅安
786,巴中
787,资阳
788,阿坝
789,甘孜
790,凉山
791,贵阳
792,六盘水
793,遵义
794,安顺
795,铜仁
796,黔西南
797,毕节
798,黔东南
799,黔南
800,昆明
801,曲靖
802,玉溪
803,保山
804,昭通
805,丽江
806,普洱
807,临沧
808,楚雄
809,红河
810,文山
811,西双版纳
812,大理
813,德宏
814,怒江
815,迪庆
816,拉萨
817,昌都
818,山南
819,日喀则
820,那曲
821,阿里
822,林芝
823,西安
824,铜川
825,宝鸡
826,咸阳
827,渭南
828,延安
829,汉中
830,榆林
831,安康
832,商洛
833,兰州市
834,嘉峪关
835,金昌
836,白银
837,天水
838,武威
839,张掖
840,平凉
841,酒泉
842,庆阳
843,定西
844,陇南
845,临夏
846,甘南
847,西宁
848,海东
849,海北
850,黄南
851,海南
852,果洛
853,玉树
854,海西
855,银川
856,石嘴山
857,吴忠
858,固原
859,中卫
860,乌鲁木齐
861,克拉玛依
862,吐鲁番
863,哈密
864,昌吉
865,博尔塔拉
866,巴音郭楞
867,阿克苏
868,克孜勒苏
869,喀什
870,和田
871,伊犁
872,塔城
873,阿勒泰
874,石河子
875,阿拉尔
876,图木舒克
877,五家渠
878,北屯
879,台北市
880,高雄市
881,基隆市
882,台中市
883,台南市
884,新竹市
885,嘉义市
886,台北县
887,宜兰县
888,桃园县
889,新竹县
890,苗栗县
891,台中县
892,彰化县
893,南投县
894,云林县
895,嘉义县
896,台南县
897,高雄县
898,屏东县
899,澎湖县
900,台东县
901,花莲县
902,中西区
903,东区
904,南区
905,湾仔区
906,九龙城区
907,观塘区
908,深水埗区
909,黄大仙区
910,油尖旺区
911,离岛区
912,葵青区
913,北区
914,西贡区
915,沙田区
916,屯门区
917,大埔区
918,荃湾区
919,元朗区
920,圣安多尼堂区
921,大堂区
922,路环
923,望德堂区
924,风顺堂区
925,花地玛堂区
926,氹仔
927,阿涅比
928,巴芬
929,下萨桑德拉
930,登盖莱
931,山地
932,弗罗马格尔
933,萨桑德拉
934,湖泊
935,泻湖
936,中科莫埃
937,马拉韦
938,中卡瓦利
939,恩济－科莫埃
940,南邦达马
941,南科莫埃
942,萨瓦纳
943,邦达马河谷
944,沃罗杜古
945,赞赞
946,阿达马瓦
947,中央
948,东部
949,北端
950,滨海
951,北部
952,西北
953,西部
954,西南
955,南部
956,亚马孙
957,安提奥基亚
958,阿劳卡
959,大西洋
960,波哥大首都区
961,博利瓦尔
962,博亚卡
963,卡尔达斯
964,昆迪纳马卡
965,卡克塔
966,卡萨纳雷
967,考卡
968,塞萨尔
969,乔科
970,科尔多巴
971,瓜希拉
972,瓜伊尼亚
973,瓜维亚雷
974,乌伊拉
975,马格达雷那
976,梅塔
977,纳里尼奥
978,北桑坦德
979,普图马约
980,金迪奥
981,利萨拉尔达
982,桑坦德
983,圣安德烈斯-普罗维登西亚
984,苏克雷
985,托利马
986,沃佩斯
987,考卡山谷
988,维查达
989,布拉瓦岛
990,博阿维斯塔岛
991,圣卡塔琳娜
992,圣克鲁斯
993,福古岛
994,圣地亚哥岛
995,马尤岛
996,莫斯特罗
997,保尔
998,波多诺伏
999,普拉亚
1000,大里贝拉
1001,圣安唐岛
1002,圣多明戈
1003,圣菲利普
1004,萨尔岛
1005,圣米戈尔
1006,圣尼古拉岛
1007,圣维森特岛
1008,塔拉法尔
1009,阿拉胡埃拉
1010,卡塔戈
1011,瓜纳卡斯特
1012,埃雷迪亚
1013,利蒙
1014,蓬塔雷纳斯
1015,圣何塞
1016,比那尔德里奥
1017,哈瓦那
1018,哈瓦那城
1019,马坦萨斯
1020,比亚克拉拉
1021,西恩富戈斯
1022,圣斯皮里图斯
1023,谢戈德阿维拉
1024,卡马圭
1025,拉斯图纳斯
1026,奥尔金
1027,格拉玛
1028,圣地亚哥
1029,关塔那摩
1030,青年岛特区
1031,马亚里
1032,曼萨尼罗
1033,尼科西亚
1034,利马索尔
1035,拉纳卡
1036,法马古斯塔
1037,帕福斯
1038,凯里尼亚
1039,南摩拉维亚
1040,卡罗维发利
1041,赫拉德茨-克拉洛韦
1042,利贝雷克
1043,摩拉维亚-西里西亚
1044,奥洛穆茨
1045,帕尔杜比采
1046,比尔森
1047,布拉格直辖市
1048,中捷克
1049,乌斯季
1050,维索基纳
1051,兹林
1052,柏林
1053,不来梅
1054,汉堡
1055,奥格斯堡
1056,安斯巴格
1057,阿恩斯贝格
1058,比勒费尔德
1059,波鸿
1060,不伦瑞克
1061,拜伊罗特
1062,科隆
1063,开姆尼斯
1064,达姆施塔特
1065,德绍
1066,代特莫尔特
1067,德累斯顿
1068,杜塞尔多夫
1069,爱尔福特
1070,弗赖堡
1071,法兰克福
1072,吉森
1073,哈雷
1074,汉诺威
1075,卡尔斯鲁厄
1076,卡塞尔
1077,基尔
1078,科布伦次
1079,吕讷堡
1080,兰茨胡特
1081,莱比锡
1082,马格德堡
1083,美因兹
1084,曼海姆
1085,慕尼黑
1086,明斯特
1087,纽伦堡
1088,波茨坦
1089,斯图加特
1090,什未林
1091,特里尔
1092,威斯巴登
1093,维尔茨堡
1094,迪基勒区
1095,奥博克区
1096,阿里萨比赫区
1097,塔朱拉区
1098,奥胡斯
1099,博恩霍尔姆
1100,菲茵
1101,斯多斯特姆
1102,西希兰
1103,哥本哈根
1104,菲特烈堡
1105,里伯
1106,罗斯基勒
1107,灵克宾
1108,南日德兰
1109,维厄勒
1110,维堡
1111,北日德兰
1112,安纳巴
1113,艾因·德夫拉
1114,阿德拉尔
1115,阿尔及尔
1116,艾因·蒂姆尚特
1117,巴特纳
1118,贝沙尔
1119,比斯克拉
1120,贝贾亚
1121,布利达
1122,布依拉
1123,布尔吉·布阿雷里吉
1124,布迈德斯
1125,谢里夫
1126,君士坦丁
1127,杰勒法
1128,贝伊德
1129,瓦德
1130,塔里夫
1131,盖尔达耶
1132,盖尔马
1133,伊利齐
1134,提济乌祖
1135,吉杰尔
1136,罕西拉
1137,拉格瓦特
1138,麦迪亚
1139,密拉
1140,莫斯塔加纳姆
1141,姆西拉
1142,马斯卡拉
1143,纳阿马
1144,乌姆布阿基
1145,奥兰
1146,瓦尔格拉
1147,赫利赞
1148,苏克·阿赫拉斯
1149,赛伊达
1150,西迪贝勒阿贝斯
1151,塞蒂夫
1152,斯基克达
1153,塔曼拉塞特
1154,特贝萨
1155,提亚雷特
1156,廷杜夫
1157,蒂巴扎
1158,蒂斯姆西勒特
1159,特莱姆森
1160,阿苏艾
1161,玻利瓦尔
1162,卡尔奇
1163,纳波，奥雷利亚纳
1164,埃斯梅拉尔达斯
1165,卡尼亚尔
1166,瓜亚斯
1167,钦博拉索
1168,因巴布拉
1169,洛哈
1170,马纳比
1171,埃尔奥罗
1172,皮钦查
1173,洛斯里奥斯
1174,莫罗纳－圣地亚哥
1175,通古拉瓦
1176,苏昆毕奥斯
1177,加拉帕戈斯
1178,科托帕希
1179,帕斯塔萨
1180,萨莫拉－钦奇佩
1181,亚历山大
1182,阿斯旺
1183,开罗
1184,古尔代盖
1185,苏布拉开马
1186,加什·巴尔卡
1187,南部
1188,南红海
1189,安塞巴
1190,中部
1191,北红海
1192,马拉加
1193,阿拉瓦
1194,阿尔瓦塞特
1195,阿利坎特
1196,拉里奥哈
1197,阿斯图利亚斯
1198,阿维拉
1199,巴塞罗那
1200,巴达霍斯
1201,巴利阿里
1202,布尔戈斯
1203,加的斯
1204,卡斯特利翁
1205,卡塞雷斯
1206,卡斯蒂利亚
1207,昆卡
1208,赫罗纳
1209,格拉纳达
1210,瓜达拉哈拉
1211,吉普斯夸
1212,韦斯卡
1213,韦尔瓦
1214,哈恩
1215,拉科鲁尼亚
1216,阿尔梅里亚
1217,莱昂
1218,卢戈
1219,莱里达
1220,拉斯帕尔马斯
1221,马德里
1222,穆尔西亚
1223,纳瓦拉
1224,科尔多瓦
1225,奥伦塞
1226,帕伦西亚
1227,蓬特韦德拉
1228,圣克鲁斯-德特内里费
1229,桑坦德
1230,塞哥维亚
1231,萨拉曼卡
1232,索里亚
1233,塞维利亚
1234,塔拉戈纳
1235,特鲁埃尔
1236,托莱多
1237,巴伦西亚
1238,巴利亚多利德
1239,比斯开
1240,萨拉戈萨
1241,萨莫拉
1242,哈留
1243,希尤
1244,依达－维鲁
1245,耶盖瓦
1246,耶尔韦
1247,里亚内
1248,维鲁
1249,贝尔瓦
1250,帕尔努
1251,拉普拉
1252,萨雷
1253,塔尔图
1254,瓦尔加
1255,维良地
1256,沃鲁
1257,亚的斯亚贝巴
1258,阿法尔
1259,阿姆哈拉
1260,宾香古尔
1261,德雷达瓦
1262,甘贝拉各族
1263,哈勒里民族
1264,奥罗米亚
1265,索马里
1266,南方各族
1267,提格雷
1268,埃斯波
1269,赫尔辛基
1270,海门林纳
1271,约恩苏
1272,卡亚尼
1273,科科拉
1274,科特卡
1275,库奥皮奥
1276,拉赫蒂
1277,拉彭兰塔
1278,玛丽港
1279,米凯利
1280,奥卢
1281,波里
1282,博尔沃
1283,罗瓦涅米
1284,图尔库
1285,坦佩雷
1286,瓦萨
1287,万塔
1288,阿雅克修
1289,亚眠
1290,阿尔勒
1291,贝桑松
1292,卡昂
1293,沙隆
1294,第戎
1295,弗雷瑞斯
1296,利摩日
1297,里昂
1298,里尔
1299,蒙彼利埃
1300,马赛
1301,梅斯
1302,尼斯
1303,南特
1304,奥尔良
1305,巴黎
1306,艾克斯
1307,雷恩
1308,图卢兹
1309,鲁昂
1310,瓦朗斯
1311,河口
1312,上奥果韦
1313,中奥果韦
1314,恩古涅
1315,尼扬加
1316,奥果韦-伊温多
1317,奥果韦-洛洛
1318,滨海奥果韦
1319,沃勒-恩特姆
1320,巴斯
1321,伯明翰
1322,布莱顿与赫福
1323,布拉德福德
1324,布里斯托尔
1325,剑桥
1326,卡莱尔
1327,切斯特
1328,坎特伯雷
1329,考文垂
1330,奇切斯特
1331,德比
1332,德罕
1333,伊利
1334,埃克塞特
1335,格洛斯特
1336,赫里福德
1337,赫尔河畔京斯敦
1338,兰开斯特
1339,列斯特
1340,林肯
1341,利茲
1342,利奇菲尔德
1343,利物浦
1344,伦敦
1345,曼彻斯特
1346,纽卡斯尔
1347,诺丁汉
1348,诺里奇
1349,牛津
1350,普利茅斯
1351,朴茨茅斯
1352,普雷斯顿
1353,彼得伯勒
1354,里彭
1355,谢菲尔德
1356,索福特
1357,索尔斯堡
1358,特伦特河畔斯多克
1359,南安普敦
1360,桑德兰
1361,圣阿本斯
1362,特鲁罗
1363,韦克菲尔德
1364,威尔斯
1365,温彻斯特
1366,伍斯特
1367,伍尔弗汉普顿
1368,约克
1369,贝尔法斯特
1370,德里
1371,利斯本
1372,纽里
1373,阿伯丁
1374,丹迪
1375,爱丁堡
1376,格拉斯哥
1377,因弗内斯
1378,斯特灵
1379,班戈
1380,卡迪夫
1381,纽波特
1382,斯旺西
1383,阿散蒂
1384,布朗阿哈福
1385,中部
1386,东部
1387,大阿克拉
1388,北部
1389,上东部
1390,上西部
1391,沃尔特
1392,西部
1393,奥布阿西
1394,博凯
1395,科纳克里
1396,法拉纳
1397,金迪亚
1398,康康
1399,拉贝
1400,玛木
1401,恩泽雷科雷
1402,基克拉迪
1403,多德卡尼斯
1404,雅典
1405,干尼亚
1406,伊拉克里翁
1407,莱斯博斯
1408,拉西锡
1409,比雷埃夫斯
1410,雷西姆农
1411,萨摩斯
1412,上韦拉帕斯
1413,下韦拉帕斯
1414,奇马尔特南戈
1415,奇基穆拉
1416,埃斯昆特拉
1417,危地马拉
1418,韦韦特南戈
1419,伊萨瓦尔
1420,哈拉帕
1421,胡蒂亚帕
1422,佩滕
1423,埃尔普罗格雷索
1424,基切
1425,克萨尔特南戈
1426,雷塔卢莱乌
1427,圣马科斯
1428,索洛拉
1429,圣罗莎
1430,萨卡特佩克斯
1431,苏奇特佩克斯
1432,托托尼卡潘
1433,萨卡帕
1434,米克斯科
1435,新城
1436,巴里马-瓦伊尼
1437,库尤尼-马扎鲁尼
1438,德梅拉拉-马海卡
1439,东伯比斯-科兰太因
1440,埃塞奎博群岛-西德梅拉拉
1441,马海卡-伯比斯
1442,波塔罗-锡帕鲁尼
1443,波默伦-苏佩纳姆
1444,上德梅拉拉-伯比斯
1445,上塔库图-上埃塞奎博
1446,阿特兰蒂达
1447,乔卢特卡
1448,科隆
1449,科马亚瓜
1450,科潘
1451,科尔特斯
1452,弗朗西斯科-莫拉桑
1453,格拉西亚斯-阿迪奥斯
1454,海湾群岛
1455,因蒂布卡
1456,伦皮拉
1457,奥科特佩克
1458,奥兰乔
1459,埃尔帕拉伊索
1460,拉巴斯
1461,圣巴巴拉
1462,山谷
1463,约罗
1464,乔罗马
1465,萨格勒布
1466,克拉皮纳-扎戈列
1467,锡萨克-莫斯拉维纳
1468,卡尔洛瓦茨
1469,瓦拉日丁
1470,科普里夫尼察-克里热夫齐
1471,别洛瓦尔-比洛戈拉
1472,滨海和山区
1473,利卡-塞尼
1474,维罗维蒂察-波德拉维纳
1475,波热加-斯拉沃尼亚
1476,布罗德-波萨维纳
1477,扎达尔
1478,奥西耶克-巴拉尼亚
1479,希贝尼克-克宁
1480,武科瓦尔-斯里耶姆
1481,斯普利特-达尔马提亚
1482,伊斯特拉
1483,杜布罗夫斯克-内雷特瓦
1484,梅吉穆列
1485,萨格勒布市
1486,巴兰尼亚
1487,贝凯什
1488,巴奇-基什孔
1489,布达佩斯
1490,包尔绍德-奥包乌伊-曾普伦
1491,琼格拉德
1492,费耶尔
1493,杰尔-莫松-肖普朗
1494,豪伊杜-比豪尔
1495,赫维什
1496,加兹-纳杰孔-索尔诺克
1497,科马罗姆
1498,诺格拉德
1499,佩斯
1500,绍莫吉
1501,索博尔奇-索特马尔-贝拉格
1502,托尔瑙
1503,沃什
1504,维斯普雷姆
1505,佐洛
1506,亚齐
1507,巴厘
1508,邦加－勿里洞群岛
1509,明古鲁
1510,万丹
1511,伊里安查亚
1512,占碑
1513,西爪哇
1514,东爪哇
1515,雅加达
1516,中爪哇
1517,大雅加达首都特区
1518,东加里曼丹
1519,南加里曼丹
1520,中加里曼丹
1521,楠榜
1522,马鲁古
1523,西努沙登加拉
1524,东努沙登加拉
1525,廖内
1526,北苏拉威西
1527,东南苏拉威西
1528,南苏拉威西
1529,西苏门答腊
1530,南苏门答腊
1531,中苏拉威西
1532,北苏门答腊
1533,日惹特区
1534,艾藻尔
1535,布巴内斯瓦尔
1536,博帕尔
1537,班加罗尔
1538,加尔各答
1539,哥印拜陀
1540,达曼
1541,第乌
1542,甘托克
1543,新德里
1544,印多尔
1545,因帕尔
1546,昌迪加尔
1547,马杜赖
1548,斋普尔
1549,焦特布尔
1550,贾巴尔普尔
1551,贾朗达尔
1552,科希马
1553,加里加尔
1554,卡瓦拉蒂
1555,金奈
1556,马埃
1557,本地治里
1558,西隆
1559,锡尔萨瓦
1560,森伯尔布尔
1561,亚南
1562,特里凡得琅
1563,乌代布尔
1564,科克
1565,克莱尔
1566,卡范
1567,卡洛
1568,都柏林
1569,多内加尔
1570,戈尔韦
1571,基尔代尔
1572,基尔肯尼
1573,凯里
1574,崂斯
1575,朗福德
1576,利默里克
1577,利特里姆
1578,劳斯
1579,莫内根
1580,米斯
1581,梅奥
1582,奥法利
1583,罗斯康芒
1584,斯莱戈
1585,蒂珀雷里
1586,沃特福德
1587,威克洛
1588,西米斯
1589,韦克斯福德
1590,耶路撒冷
1591,阿什杜德
1592,贝特雁
1593,贝尔谢巴
1594,海法
1595,霍隆
1596,内坦亚
1597,特拉维夫
1598,亚历山德里亚
1599,安科纳
1600,奥斯塔
1601,阿斯科利皮切诺
1602,阿斯蒂
1603,布林迪西
1604,贝内文托
1605,贝加莫
1606,布拉
1607,博洛尼亚
1608,布雷西亚
1609,巴里
1610,卡利亚里
1611,热那亚
1612,科摩
1613,坎波巴索
1614,克罗托内
1615,卡塞塔
1616,卡塔尼亚
1617,库内奥
1618,佛罗伦萨
1619,福贾
1620,费拉拉
1621,伊塞尔尼亚
1622,拉奎拉
1623,莱切
1624,莱科
1625,里窝那
1626,马萨
1627,米兰
1628,摩德纳
1629,墨西拿
1630,马泰拉
1631,蒙扎
1632,那不勒斯
1633,诺瓦拉
1634,奥尔比亚
1635,帕维亚
1636,佩鲁贾
1637,帕尔马
1638,巴勒莫
1639,波代诺内
1640,比萨
1641,科森扎
1642,卡坦扎罗
1643,努奥罗
1644,奥里斯塔诺
1645,波坦察
1646,萨萨里
1647,雷焦卡拉布里亚
1648,雷焦艾米利亚
1649,罗马
1650,萨莱诺
1651,锡耶纳
1652,拉斯佩齐亚
1653,萨沃纳
1654,锡拉库扎
1655,塔兰托
1656,特拉帕尼
1657,都灵
1658,的里雅斯特
1659,特伦托
1660,乌迪内
1661,威尼斯
1662,维泰博
1663,韦尔切利
1664,圣安德鲁斯
1665,圣安娜
1666,圣凯瑟琳
1667,克拉伦登
1668,圣伊丽莎白
1669,汉诺威
1670,圣詹姆斯
1671,金斯敦
1672,曼彻斯特
1673,圣玛丽
1674,波特兰
1675,圣托马斯
1676,特里洛尼
1677,西摩兰
1678,阿吉隆
1679,安曼
1680,亚喀巴
1681,拜勒加
1682,伊尔比德
1683,杰拉什
1684,卡拉克
1685,马德巴
1686,马夫拉克
1687,马安
1688,鲁赛法
1689,塔菲拉
1690,扎尔卡
1691,北海道
1692,青森
1693,岩手
1694,宮城
1695,秋田
1696,山形
1697,福岛
1698,茨城
1699,枥木
1700,群马
1701,埼玉
1702,千叶
1703,东京
1704,神奈川
1705,新潟
1706,富山
1707,石川
1708,福井
1709,山梨
1710,长野
1711,岐阜
1712,静冈
1713,爱知
1714,三重
1715,滋贺
1716,京都
1717,大阪
1718,兵库
1719,奈良
1720,和歌山
1721,鸟取
1722,岛根
1723,冈山
1724,广岛
1725,山口
1726,徳岛
1727,香川
1728,爱媛
1729,高知
1730,福冈
1731,佐贺
1732,长崎
1733,熊本
1734,大分
1735,宫崎
1736,鹿儿岛
1737,冲绳
1738,阿克莫拉
1739,阿克苏
1740,阿克托别
1741,阿拉木图
1742,阿雷斯
1743,阿斯塔纳市
1744,阿特劳
1745,阿尔卡累克
1746,巴尔喀什
1747,江布尔
1748,杰兹卡兹甘
1749,埃基巴斯图兹
1750,卡普恰盖
1751,卡拉干达
1752,肯套
1753,南哈萨克斯坦
1754,科斯塔奈
1755,库尔恰托夫
1756,卡拉扎尔
1757,克孜勒奥尔达
1758,列宁诺戈尔斯克
1759,利萨科夫斯克
1760,曼格斯套
1761,巴甫洛达尔
1762,鲁德内
1763,沙赫京斯克
1764,萨兰
1765,塞梅伊
1766,北哈萨克斯坦
1767,斯捷普诺戈尔斯克
1768,铁克利
1769,铁米尔套
1770,突厥斯坦
1771,东哈萨克斯坦
1772,西哈萨克斯坦
1773,扎纳奥津
1774,济良诺夫斯克
1775,中央
1776,内罗毕
1777,巴林戈
1778,博美特
1779,邦戈马
1780,布希亚
1781,埃尔格约-马拉奎特
1782,恩布
1783,加里萨
1784,霍马湾
1785,伊希约洛
1786,卡耶亚多
1787,卡卡梅加
1788,凯里乔
1789,基安布
1790,基西
1791,基里菲
1792,基里尼亚加
1793,基苏木
1794,基图伊
1795,夸勒
1796,莱基皮亚
1797,拉木
1798,马查科斯
1799,马瓜尼
1800,曼德拉
1801,梅鲁
1802,米戈利
1803,蒙巴萨
1804,穆兰卡
1805,南迪
1806,纳罗克
1807,尼蒂
1808,纳库鲁
1809,涅里
1810,尼亚米拉
1811,年达鲁阿
1812,马萨布布
1813,夏亚
1814,特兰斯-恩佐亚
1815,塔纳河
1816,泰塔塔维塔
1817,图尔卡纳
1818,桑布卢
1819,瓦辛基苏
1820,韦希加
1821,瓦吉尔
1822,西波克特
1823,巴特肯
1824,楚河
1825,贾拉拉巴德
1826,纳伦
1827,奥什
1828,塔拉斯
1829,伊塞克湖
1830,比什凯克市
1831,科克扬加克
1832,迈利赛
1833,苏卢克图
1834,塔什库梅尔
1835,乌兹根
1836,坎特
1837,卡拉巴尔塔
1838,卡拉库尔
1839,马德望
1840,班迭棉吉
1841,西哈努克市
1842,白马市
1843,桔井
1844,干丹
1845,磅湛
1846,磅士卑
1847,奥多棉吉
1848,波罗勉
1849,拜林市
1850,菩萨
1851,柏威夏
1852,茶胶
1853,戈公
1854,贡布
1855,磅清扬
1856,磅同
1857,蒙多基里
1858,金边市
1859,腊塔纳基里
1860,暹粒
1861,柴桢
1862,上丁
1863,吉尔伯特群岛
1864,莱恩群岛
1865,菲尼克斯群岛
1866,达城郡
1867,寿城区
1868,大邱
1869,春川市
1870,铁原郡
1871,高城郡
1872,华川郡
1873,洪川郡
1874,横城郡
1875,麟蹄郡
1876,旌善郡
1877,江陵市
1878,平昌郡
1879,束草市
1880,三陟市
1881,太白市
1882,东海市
1883,原州市
1884,杨口郡
1885,襄阳郡
1886,宁越郡
1887,安东市
1888,奉化郡
1889,淸道郡
1890,漆谷郡
1891,靑松郡
1892,庆州市
1893,高灵郡
1894,军威郡
1895,庆山市
1896,金泉市
1897,浦项市
1898,龟尾市
1899,闻庆市
1900,星州郡
1901,尙州市
1902,蔚珍郡
1903,郁陵郡
1904,义城郡
1905,永川市
1906,盈德郡
1907,醴泉郡
1908,荣州市
1909,英阳郡
1910,鎭海市
1911,昌原市
1912,昌宁郡
1913,居昌郡
1914,固城郡
1915,咸安郡
1916,陜川郡
1917,河东郡
1918,晋州市
1919,咸阳郡
1920,巨济市
1921,金海市
1922,马山市
1923,密阳市
1924,南海郡
1925,泗川市
1926,山淸郡
1927,统营市
1928,宜宁郡
1929,梁山市
1930,报恩郡
1931,忠州市
1932,淸州市
1933,淸原郡
1934,丹阳郡
1935,阴城郡
1936,槐山郡
1937,堤川市
1938,鎭川郡
1939,曾坪郡
1940,沃川郡
1941,永同郡
1942,牙山市
1943,保宁市
1944,扶余郡
1945,天安市
1946,青阳郡
1947,公州市
1948,锦山郡
1949,鸡龙市
1950,洪城郡
1951,论山市
1952,舒川郡
1953,瑞山市
1954,泰安郡
1955,唐津郡
1956,燕岐郡
1957,礼山郡
1958,高敞郡
1959,金堤市
1960,益山市
1961,任实郡
1962,鎭安郡
1963,井邑市
1964,全州市
1965,长水郡
1966,群山市
1967,茂朱郡
1968,南原市
1969,扶安郡
1970,淳昌郡
1971,完州郡
1972,宝城郡
1973,潭阳郡
1974,高兴郡
1975,康津郡
1976,求礼郡
1977,谷城郡
1978,海南郡
1979,咸平郡
1980,和顺郡
1981,珍岛郡
1982,长兴郡
1983,长城郡
1984,光阳市
1985,务安郡
1986,木浦市
1987,罗州市
1988,新安郡
1989,顺天市
1990,莞岛郡
1991,灵岩郡
1992,灵光郡
1993,丽水市
1994,安养市
1995,安城市
1996,安山市
1997,富川市
1998,东豆川市
1999,果川市
2000,光明市
2001,金浦市
2002,加平郡
2003,九里市
2004,军浦市
2005,高阳市
2006,华城市
2007,河南市
2008,利川市
2009,广州市
2010,南杨州市
2011,乌山市
2012,坡州市
2013,抱川市
2014,平泽市
2015,城南市
2016,始兴市
2017,水原市
2018,议政府市
2019,仪旺市
2020,涟川郡
2021,骊州郡
2022,龙仁市
2023,扬平郡
2024,杨州市
2025,阿速坡
2026,博乔
2027,波里坎赛
2028,占巴塞
2029,华潘
2030,甘蒙
2031,琅南塔
2032,琅勃拉邦
2033,乌多姆赛
2034,丰沙里
2035,沙拉湾
2036,沙湾拿吉
2037,万象
2038,沙耶武里
2039,色贡
2040,川圹
2041,赛宋本行政特区
2042,北部
2043,贝鲁特
2044,贝卡
2045,南部
2046,黎巴嫩山
2047,奈拜提耶市
2048,邦
2049,博米
2050,大角山
2051,菲什敦
2052,大巴萨
2053,大吉德
2054,大克鲁
2055,洛法
2056,马吉比
2057,蒙特塞拉多
2058,马里兰
2059,宁巴
2060,吉河
2061,里弗塞斯
2062,锡诺
2063,博波卢
2064,巴波卢
2065,阿努拉德普勒
2066,安帕赖
2067,巴杜勒
2068,拜蒂克洛
2069,科伦坡
2070,加勒
2071,加姆珀哈
2072,汉班托特
2073,贾夫纳
2074,康提
2075,凯格勒
2076,基里诺奇
2077,卡卢特勒
2078,库鲁内格勒
2079,马特勒
2080,马纳尔
2081,马特莱
2082,莫讷勒格勒
2083,穆莱蒂武
2084,努沃勒埃利耶
2085,波隆纳鲁沃
2086,普塔勒姆
2087,拉特纳普勒
2088,亭可马里
2089,瓦武尼亚
2090,马塞卢
2091,布塔布泰
2092,莱里贝
2093,伯里亚
2094,马费滕
2095,莫哈莱斯胡克
2096,古廷
2097,加查斯内克
2098,莫霍特隆
2099,塔巴采卡
2100,阿利图斯
2101,考纳斯
2102,克莱佩达
2103,马里扬泊列
2104,帕涅韦日斯
2105,希奥利艾
2106,陶拉格
2107,特尔希艾
2108,乌田纳
2109,维尔纽斯
2110,亚克曼
2111,迪基希
2112,格雷文马赫
2113,卢森堡
2114,爱兹克劳克雷
2115,阿卢克斯内
2116,巴尔维
2117,包斯卡
2118,采西斯
2119,陶格夫皮尔斯
2120,多贝莱
2121,古尔贝内
2122,杰卡布皮尔斯
2123,叶尔加瓦
2124,克拉斯拉瓦
2125,库尔迪加
2126,林巴济
2127,利耶帕亚
2128,卢扎
2129,马多纳
2130,奥格雷
2131,普雷利
2132,里加
2133,雷泽克内
2134,萨尔杜斯
2135,塔尔西
2136,图库马
2137,瓦尔加
2138,瓦尔米耶拉
2139,文茨皮尔斯
2140,卡萨布兰卡
2141,非斯
2142,梅克内斯
2143,马拉喀什
2144,乌季达
2145,拉巴特
2146,得土安
2147,丹吉尔
2148,西撒哈拉
2149,塔那那利佛
2150,安齐拉纳纳
2151,菲亚纳兰楚阿
2152,马哈赞加
2153,图利亚拉
2154,图阿马西拉
2155,北阿里
2156,南阿里
2157,阿杜
2158,法迪福卢
2159,费利杜
2160,福阿穆拉库
2161,北苏瓦迪瓦
2162,南苏瓦迪瓦
2163,哈杜马蒂
2164,科卢马杜卢
2165,马累岛
2166,北马洛斯马杜卢
2167,马累
2168,南马洛斯马杜卢
2169,北米拉杜马杜卢
2170,南米拉杜马杜卢
2171,穆拉库
2172,北尼兰杜
2173,南尼兰杜
2174,北蒂拉杜马蒂
2175,南蒂拉杜马蒂
2176,阿卡普尔科
2177,阿瓜斯卡连斯特
2178,华雷斯港
2179,埃佩切
2180,卡门
2181,奇瓦瓦
2182,奇尔潘辛戈
2183,塞拉亚
2184,夸察夸拉克斯
2185,科利马
2186,切图马尔
2187,库利阿坎
2188,库埃纳瓦卡
2189,杜兰戈
2190,恩塞纳达
2191,瓜达拉哈拉
2192,瓜纳华托
2193,埃莫西约
2194,伊拉普阿托
2195,哈拉帕
2196,华雷斯
2197,拉巴斯
2198,莱昂
2199,洛斯莫奇斯
2200,蒙克洛瓦
2201,马塔莫罗斯
2202,墨西哥城
2203,梅里达
2204,莫雷利亚
2205,蒙特雷
2206,墨西卡利
2207,马萨特兰
2208,新拉雷多
2209,诺加莱斯
2210,瓦哈卡
2211,奥夫雷贡城
2212,奥里萨巴
2213,帕丘卡
2214,波萨里卡
2215,普埃布拉
2216,巴亚尔塔港
2217,克雷塔罗
2218,雷诺萨
2219,圣路易斯波托亚
2220,萨尔蒂约
2221,坦皮科
2222,塔帕丘拉
2223,特瓦坎
2224,图斯特拉-古铁雷斯
2225,蒂华纳
2226,特拉斯卡拉
2227,托卢卡
2228,特皮克
2229,托雷翁
2230,乌鲁阿潘
2231,韦拉克鲁斯
2232,巴利城
2233,维多利亚城
2234,比利亚埃尔莫萨
2235,萨卡特卡斯
2236,巴马科首都区
2237,加奥
2238,基达尔
2239,库利科罗
2240,卡伊
2241,莫普提
2242,塞古
2243,锡卡索
2244,通布图
2245,伊洛瓦底省
2246,勃固省
2247,钦邦
2248,克钦邦
2249,克耶邦
2250,克伦邦
2251,曼德勒省
2252,马圭省
2253,孟邦
2254,若开邦
2255,实皆省
2256,掸邦
2257,德林达依省
2258,仰光省
2259,乌兰巴托市
2260,鄂尔浑
2261,达尔汗乌勒
2262,肯特
2263,库苏古尔
2264,科布多
2265,乌布苏
2266,中央
2267,色楞格
2268,苏赫巴托尔
2269,扎布汗
2270,中戈壁
2271,东方
2272,东戈壁
2273,戈壁苏木贝尔
2274,戈壁阿尔泰
2275,布尔干
2276,巴彦洪格尔
2277,巴彦乌勒盖
2278,后杭爱
2279,南戈壁
2280,前杭爱
2281,阿德拉尔
2282,阿萨巴
2283,卜拉克纳
2284,努瓦迪布湾
2285,吉迪马卡
2286,戈尔戈勒
2287,西胡德
2288,东胡德
2289,因希里
2290,努瓦克肖特特区
2291,塔甘特
2292,特拉扎
2293,提里斯-宰穆尔
2294,中央区
2295,北部区
2296,南部区
2297,峇株巴辖
2298,新山
2299,居銮
2300,哥打丁宜
2301,丰盛港
2302,麻坡
2303,笨珍
2304,昔加末
2305,华玲
2306,万拉峇鲁
2307,居林
2308,瓜拉姆达
2309,哥打士打
2310,古邦巴素
2311,浮罗交怡
2312,笨筒
2313,巴东得腊
2314,吉隆坡
2315,登卓
2316,话望生
2317,日里
2318,哥打巴鲁
2319,瓜拉吉赖
2320,马樟
2321,巴西马
2322,巴西富地
2323,丹那美拉
2324,道北
2325,纳闽
2326,维多利亚
2327,亚罗牙也
2328,野新
2329,马六甲市
2330,日叻务
2331,仁保
2332,瓜拉庇劳
2333,波德申
2334,林茂
2335,芙蓉
2336,淡边
2337,文冬
2338,百乐
2339,金马仑高原
2340,而连突
2341,关丹
2342,立卑
2343,马兰
2344,北根
2345,劳勿
2346,淡马鲁
2347,云冰
2348,大山脚
2349,北海
2350,高渊
2351,槟城
2352,华都牙也
2353,怡保
2354,江沙
2355,紅土坎
2356,和丰
2357,丹绒马
2358,安顺
2359,太平
2360,加央
2361,保佛
2362,比鲁兰
2363,哥打基纳巴鲁
2364,古打毛律
2365,京那巴登岸
2366,根地咬
2367,哥打马鲁都
2368,瓜拉班尤
2369,古达
2370,古纳
2371,拿笃
2372,纳巴湾
2373,吧巴
2374,必达士
2375,兵南邦
2376,兰脑
2377,山打根
2378,仙本那
2379,西比陶
2380,担布南
2381,斗湖
2382,丹南
2383,斗亚兰
2384,鹅麦
2385,乌鲁冷岳
2386,乌鲁雪兰莪
2387,瓜拉冷岳
2388,瓜拉雪兰莪
2389,八打灵
2390,沙白安南
2391,雪邦
2392,木中
2393,民都鲁
2394,古晋
2395,加帛
2396,林梦
2397,木胶
2398,美里
2399,斯里阿曼
2400,泗里街
2401,泗务
2402,三马拉汉
2403,勿述
2404,龙运
2405,乌鲁
2406,甘马挽
2407,马江
2408,实兆
2409,瓜拉丁加奴
2410,卡普里维
2411,埃龙戈
2412,哈达普
2413,霍马斯
2414,卡拉斯
2415,库内内
2416,奥卡万戈
2417,奥乔宗蒂约巴
2418,奥马赫科
2419,奥沙纳
2420,奥希科托
2421,奥姆沙蒂
2422,奥汉圭纳
2423,阿加德兹
2424,迪法
2425,多索
2426,马拉迪
2427,尼亚美市
2428,塔瓦
2429,蒂拉贝里
2430,津德尔
2431,阿比亚
2432,伊巴丹
2433,卡诺
2434,拉各斯
2435,奥博莫绍
2436,北大西洋
2437,南大西洋
2438,博阿科
2439,卡拉索
2440,奇南德加
2441,琼塔莱斯
2442,埃斯特利
2443,格拉纳达
2444,希诺特加
2445,莱昂
2446,马德里斯
2447,马那瓜
2448,马萨亚
2449,马塔加尔帕
2450,新塞哥维亚
2451,里瓦斯
2452,圣胡安河
2453,阿尔梅勒
2454,阿默斯福特
2455,阿姆斯特丹
2456,阿珀尔多伦
2457,阿纳姆
2458,阿森
2459,布雷达
2460,多德雷赫特
2461,埃德
2462,埃因霍芬
2463,埃门
2464,恩斯赫德
2465,格罗宁根
2466,海牙
2467,霍夫多尔普
2468,哈勒姆
2469,斯海尔托亨博思
2470,莱利斯塔德
2471,莱顿
2472,吕伐登
2473,米德尔堡
2474,马斯特里赫特
2475,奈梅亨
2476,鹿特丹
2477,蒂尔堡
2478,乌得勒支
2479,佐特尔梅
2480,兹沃勒
2481,东福尔
2482,阿克什胡斯
2483,奥斯陆市
2484,海德马克
2485,奥普兰
2486,布斯克吕
2487,西福尔
2488,泰勒马克
2489,东阿格德尔
2490,西阿格德尔
2491,罗加兰
2492,霍达兰
2493,松恩－菲尤拉讷
2494,默勒－鲁姆斯达尔
2495,南特伦德拉格
2496,北特伦德拉格
2497,诺尔兰
2498,特罗姆斯
2499,芬马克
2500,巴格马蒂
2501,佩里
2502,道拉吉里
2503,甘达基
2504,贾纳克布尔
2505,格尔纳利
2506,戈西
2507,蓝毗尼
2508,马哈卡利
2509,梅吉
2510,纳拉亚尼
2511,拉布蒂
2512,萨加玛塔
2513,塞蒂
2514,奥克兰
2515,布莱尼姆
2516,克赖斯特彻奇
2517,达尼丁
2518,北远
2519,吉斯伯恩
2520,格雷茅斯
2521,黑斯廷斯
2522,哈密尔顿
2523,因弗卡吉尔
2524,凯帕拉
2525,马努考
2526,内皮尔
2527,新普利茅斯
2528,北岸
2529,纳尔逊
2530,北帕默斯顿
2531,里士满
2532,斯特拉特福德
2533,陶马鲁努伊
2534,怀塔科拉
2535,旺格努伊
2536,瓦卡塔尼
2537,旺阿雷
2538,巴提奈地区
2539,内地地区
2540,马斯喀特省
2541,穆桑达姆省
2542,东部地区
2543,中部地区
2544,达希莱地区
2545,佐法尔省
2546,故吉软瓦拉
2547,海德拉巴
2548,伊斯兰堡
2549,卡拉奇
2550,拉合尔
2551,费萨拉巴德
2552,木尔坦
2553,白沙瓦
2554,拉瓦尔品第
2555,亚马孙
2556,安卡什
2557,阿普里马克
2558,阿雷基帕
2559,阿亚库乔
2560,卡哈马卡
2561,卡亚俄
2562,库斯科
2563,瓦努科
2564,万卡维利卡
2565,伊卡
2566,胡宁
2567,拉利伯塔德
2568,利马
2569,洛雷托
2570,兰巴耶克
2571,马德雷德迪奥斯
2572,莫克瓜
2573,帕斯科
2574,皮乌拉
2575,普诺
2576,圣马丁
2577,塔克纳
2578,通贝斯
2579,乌卡亚利
2580,钦查阿尔塔
2581,钦博特
2582,胡利亚卡
2583,苏拉纳
2584,卡卢坎
2585,宿务
2586,达沃
2587,马尼拉
2588,布干维尔
2589,东新不列颠
2590,东部高地
2591,恩加
2592,东塞皮克
2593,海湾
2594,米尔恩湾
2595,马当
2596,马努斯
2597,莫罗贝
2598,莫尔兹比港
2599,新爱尔兰
2600,北部
2601,桑道恩
2602,南部高地
2603,钦布
2604,西新不列颠
2605,西部
2606,西部高地
2607,比亚瓦波德拉斯卡
2608,比亚维斯托克
2609,比托姆
2610,比得哥什
2611,海乌姆
2612,霍茹夫
2613,切哈努夫
2614,达布罗瓦戈尼察
2615,埃尔布隆格
2616,格但斯克
2617,格丁尼亚
2618,大波兰地区戈茹夫
2619,格鲁琼兹
2620,格利维采
2621,绿山城
2622,雅沃兹诺
2623,耶莱尼亚古拉
2624,卡利什
2625,凯尔采
2626,科宁
2627,克拉科夫
2628,克罗斯诺
2629,卡托维兹
2630,莱格尼察
2631,莱什诺
2632,罗兹
2633,卢布林
2634,米什洛维采
2635,新松奇
2636,奥尔什丁
2637,波莱
2638,奥斯特罗文卡
2639,科沙林
2640,皮瓦
2641,彼得库夫
2642,普沃茨克
2643,波兹南
2644,普热梅希尔
2645,塔尔诺布热格
2646,沃姆扎
2647,拉多姆
2648,鲁达
2649,热舒夫
2650,谢德尔采
2651,谢拉兹
2652,斯凯尔涅维采
2653,斯武普斯克
2654,索波特
2655,希米亚诺维采
2656,索斯诺维茨
2657,希维诺乌伊希切
2658,苏瓦乌基
2659,希维托赫洛维采
2660,什切青
2661,塔尔努夫
2662,托伦
2663,特切
2664,华沙
2665,弗沃茨瓦韦克
2666,弗罗茨瓦夫
2667,瓦乌布日赫
2668,扎布热
2669,扎莫希奇
2670,清津
2671,平壤
2672,海州
2673,咸兴
2674,惠山
2675,江界
2676,开城
2677,南浦
2678,罗先
2679,沙里院
2680,新义州
2681,元山
2682,上阿连特茹
2683,万福
2684,中阿连特茹
2685,滨海阿连特茹
2686,上特拉斯山
2687,下阿连特茹
2688,内贝拉北
2689,内贝拉南
2690,下蒙德古
2691,下伏日
2692,卡瓦多
2693,科瓦贝拉
2694,恩特拉杜罗伏日
2695,法鲁
2696,丰沙尔
2697,里斯本
2698,利巴特茹
2699,杜罗
2700,米尼奥-利马
2701,梅地奥特茹
2702,西部
2703,蓬塔德尔加达
2704,内皮尼亚尔北
2705,内皮尼亚尔南
2706,滨海皮尼亚尔
2707,塞图巴尔半岛
2708,山后
2709,塔梅加
2710,波尔图
2711,上巴拉圭
2712,阿曼拜
2713,上巴拉那
2714,亚松森特别区
2715,博克龙
2716,康塞普西翁
2717,科迪勒拉
2718,中央
2719,卡瓜苏
2720,卡嫩迪尤
2721,卡萨帕
2722,瓜伊拉
2723,伊塔普亚
2724,米西奥内斯
2725,涅恩布库
2726,巴拉瓜里
2727,阿耶斯总统省
2728,圣佩德罗
2729,加沙地带
2730,西岸
2731,多哈
2732,古韦里耶
2733,杰里扬拜特奈
2734,朱迈利耶
2735,豪尔
2736,北部
2737,赖扬
2738,乌姆锡拉勒
2739,沃克拉
2740,亚厉山德里亚
2741,阿尔巴尤利亚
2742,阿拉德
2743,巴克乌
2744,布加勒斯特
2745,布勒伊拉
2746,巴亚马雷
2747,比斯特里察
2748,博托沙尼
2749,布拉索夫
2750,布泽乌
2751,克卢日纳波卡
2752,克勒拉希
2753,康斯坦察
2754,德瓦
2755,克拉约瓦
2756,德罗贝塔-塞维林堡
2757,福克沙尼
2758,久尔久
2759,加拉茨
2760,雅西
2761,梅尔库里亚丘克
2762,奥拉迪亚
2763,皮特什蒂
2764,普洛耶什蒂
2765,皮亚特拉尼亚姆茨
2766,雷希察
2767,斯洛博齐亚
2768,圣格奥尔基
2769,萨图·马雷
2770,锡比乌
2771,斯拉蒂纳
2772,苏恰瓦
2773,特尔戈维什泰
2774,蒂米什瓦拉
2775,特尔古日乌
2776,特尔古穆列什
2777,图尔恰
2778,瓦斯卢伊
2779,勒姆尼库沃尔恰
2780,扎勒乌
2781,马加斯
2782,阿巴坎
2783,阿金斯科耶
2784,阿尔汉格尔斯克
2785,阿斯特拉罕
2786,巴尔瑙尔
2787,比罗比詹
2788,别尔哥罗德
2789,布拉戈维申斯克
2790,布良斯克
2791,车里雅宾斯克
2792,赤塔
2793,切尔克斯克
2794,伯力
2795,切博克萨雷
2796,阿纳德尔
2797,埃利斯塔
2798,戈尔诺－阿尔泰斯克
2799,下诺夫哥罗德
2800,格罗兹尼
2801,伊热夫斯克
2802,伊尔库茨克
2803,伊万诺沃
2804,雅库茨克
2805,雅罗斯拉夫尔
2806,叶卡捷林堡
2807,南萨哈林斯克
2808,克麦罗沃
2809,加里宁格勒
2810,汉特－曼西斯克
2811,基洛夫
2812,卡卢加
2813,科斯特罗马
2814,库尔干
2815,克拉斯诺达尔
2816,库德姆卡尔
2817,克拉斯诺亚尔斯克
2818,克孜勒
2819,喀山
2820,利佩茨克
2821,斯摩棱斯克
2822,马加丹
2823,迈科普
2824,马哈奇卡拉
2825,摩尔曼斯克
2826,莫斯科
2827,纳尔奇克
2828,纳里扬马尔
2829,新西伯利亚
2830,鄂木斯克
2831,奥伦堡
2832,奥廖尔
2833,帕拉纳
2834,彼尔姆
2835,彼得罗扎沃茨克
2836,彼得罗巴甫洛夫斯克
2837,奔萨
2838,普斯科夫
2839,顿河畔罗斯托夫
2840,梁赞
2841,萨马拉
2842,萨拉托夫
2843,瑟克特夫卡尔
2844,萨兰斯克
2845,萨列哈尔德
2846,圣彼得堡
2847,斯塔夫罗波尔
2848,坦波夫
2849,托木斯克
2850,图拉
2851,特维尔
2852,秋明
2853,乌法
2854,乌里扬诺夫斯克
2855,乌斯季奥尔登斯基
2856,库尔斯克
2857,乌兰乌德
2858,弗拉季高加索
2859,沃洛格达
2860,弗拉基米尔
2861,伏尔加格勒
2862,沃罗涅什
2863,诺夫哥罗德
2864,海参崴
2865,约什卡尔奥拉
2866,布塔雷
2867,比温巴
2868,尚古古
2869,吉孔戈罗
2870,吉塞尼
2871,吉塔拉马
2872,卡布加
2873,基本古
2874,基加利-恩加利
2875,基加利市
2876,基布耶
2877,恩延扎
2878,鲁汉戈
2879,鲁亨盖里
2880,卢瓦马加纳
2881,乌姆塔拉
2882,巴哈
2883,哈伊勒
2884,吉赞
2885,麦加
2886,纳季兰
2887,利雅得
2888,塔布克
2889,艾卜哈
2890,海耶
2891,阿尔阿尔
2892,布赖代
2893,达曼
2894,哈费尔巴廷
2895,胡富夫
2896,朱拜勒
2897,吉达
2898,海米斯穆谢特
2899,姆巴拉兹
2900,麦地那
2901,塞卡卡
2902,塔伊夫
2903,延布
2904,贝尔格莱德
2905,尼什
2906,克拉古涅瓦茨
2907,诺维萨德
2908,波德戈里察
2909,普里什蒂纳
2910,苏博蒂察
2911,泽蒙
2912,上尼罗
2913,北部
2914,科尔多凡
2915,喀土穆
2916,加扎勒河
2917,达尔富尔
2918,东部
2919,赤道
2920,中部
2921,达喀尔
2922,久尔贝勒
2923,法蒂克
2924,考拉克
2925,科尔达
2926,卢加
2927,马塔姆
2928,圣路易
2929,坦巴昆达
2930,捷斯
2931,济金绍尔
2932,中部群岛
2933,乔伊索
2934,瓜达尔卡纳尔
2935,霍尼亚拉
2936,伊萨贝尔
2937,马基拉
2938,马莱塔
2939,拉纳尔和贝罗纳
2940,泰莫图
2941,西部
2942,东部
2943,北部
2944,南部
2945,西部区
2946,阿瓦查潘
2947,卡瓦尼亚斯
2948,查拉特南戈
2949,中南
2950,库斯卡特兰
2951,德尔加多
2952,伊洛潘戈
2953,基埃-恩特姆
2954,拉利伯塔德
2955,滨海
2956,莫拉桑
2957,拉巴斯
2958,圣安娜
2959,圣米格尔
2960,松索纳特
2961,圣萨尔瓦多
2962,圣维森特
2963,拉乌尼翁
2964,乌苏卢坦
2965,韦莱-恩萨斯
2966,阿波帕
2967,梅基卡诺斯
2968,索亚潘戈
2969,布罗科蓬多
2970,科默韦讷
2971,科罗尼
2972,马罗韦讷
2973,尼克里
2974,帕拉
2975,帕拉马里博
2976,萨拉马卡
2977,西帕里韦尼
2978,瓦尼卡
2979,班斯卡-比斯特里察
2980,布拉迪斯拉发
2981,科希策
2982,尼特拉
2983,普雷绍夫
2984,日利纳
2985,特尔纳瓦
2986,特伦钦
2987,多雷尼
2988,戈里
2989,戈雷尼
2990,科洛
2991,诺特拉尼
2992,奥巴尔诺-克拉
2993,奥斯雷德涅斯洛文
2994,波德拉夫
2995,波穆尔
2996,萨维尼
2997,斯波德涅波萨夫
2998,扎萨夫
2999,乌普萨拉
3000,南曼兰
3001,延雪平
3002,克鲁努贝里
3003,卡尔马
3004,哥得兰
3005,布莱金厄
3006,斯科耐
3007,哈兰
3008,西约特兰
3009,韦姆兰
3010,厄勒布鲁
3011,西曼兰
3012,耶夫勒堡
3013,西诺尔兰
3014,耶姆特兰
3015,斯德哥尔摩
3016,西博滕
3017,北博滕
3018,达拉纳
3019,东约特兰
3020,德拉
3021,大马士革市
3022,代尔祖尔
3023,加布
3024,哈塞克
3025,霍姆斯
3026,阿勒颇
3027,哈马
3028,伊德利卜
3029,拉塔基亚
3030,卡米什利
3031,库奈特拉
3032,大马士革
3033,拉卡
3034,苏韦达
3035,塔尔图斯
3036,中部区
3037,卡拉区
3038,滨海区
3039,高原区
3040,草原区
3041,曼谷
3042,北揽
3043,暖武里
3044,巴吞他尼
3045,大城
3046,红统
3047,华富里
3048,信武里
3049,猜那
3050,北标
3051,春武里
3052,拉农
3053,尖竹汶
3054,达叻
3055,北柳
3056,巴真
3057,那空那育
3058,沙缴
3059,武里南
3060,素林
3061,四色菊
3062,乌汶
3063,耶梭通
3064,猜也奔
3065,安纳乍能
3066,廊莫那浦
3067,孔敬
3068,乌隆
3069,黎
3070,廊开
3071,玛哈沙拉堪
3072,黎逸
3073,加拉信
3074,色军
3075,那空帕农
3076,莫达汉
3077,清迈
3078,南奔
3079,程逸
3080,帕
3081,难
3082,帕尧
3083,清莱
3084,夜丰颂
3085,北榄坡
3086,乌泰他尼
3087,甘烹碧
3088,达
3089,素可泰
3090,彭世洛
3091,披集
3092,叻丕
3093,北碧
3094,素攀武里
3095,佛统
3096,龙仔厝
3097,夜功
3098,碧差汶
3099,巴蜀
3100,佛丕
3101,洛坤
3102,甲米
3103,攀牙
3104,普吉
3105,素叻
3106,罗勇
3107,春蓬
3108,宋卡
3109,沙敦
3110,董里
3111,博达伦
3112,北大年
3113,也拉
3114,陶公
3115,杜尚别
3116,伊斯法拉
3117,卡尼巴达姆
3118,霍罗格
3119,苦盏
3120,库洛布
3121,科法尔尼洪
3122,库尔干-秋别
3123,努雷克
3124,彭吉肯特
3125,洛贡
3126,萨班特
3127,塔博沙尔
3128,图尔孙扎德
3129,乌拉秋别
3130,阿哈尔
3131,巴尔坎
3132,达沙古兹
3133,列巴普
3134,马雷
3135,阿什哈巴德市
3136,涅比特达格
3137,阿伊莱乌
3138,安贝诺
3139,阿伊纳罗
3140,包考
3141,博博纳罗
3142,帝力
3143,埃尔梅拉
3144,科瓦利马
3145,劳滕
3146,利基卡
3147,马努法伊
3148,马纳图托
3149,维克克
3150,埃瓦
3151,哈派
3152,纽阿斯
3153,汤加塔布
3154,瓦瓦乌
3155,艾尔亚奈
3156,本阿鲁斯
3157,比塞大
3158,巴杰
3159,加贝斯
3160,加夫萨
3161,坚杜拜
3162,吉比利
3163,凯鲁万
3164,卡塞林
3165,卡夫
3166,梅德宁
3167,马赫迪耶
3168,马努巴
3169,莫纳斯提尔
3170,纳布勒
3171,西迪布济德
3172,斯法克斯
3173,锡勒亚奈
3174,苏塞
3175,泰塔温
3176,托泽尔
3177,突尼斯
3178,宰格万
3179,阿达纳
3180,阿德亚曼
3181,阿菲永
3182,阿勒
3183,阿克萨赖
3184,阿马西亚
3185,安卡拉
3186,安塔利亚
3187,阿尔达罕
3188,阿尔特温
3189,艾登
3190,巴勒克埃西尔
3191,巴尔腾
3192,巴特曼
3193,巴伊布尔特
3194,比莱吉克
3195,宾格尔
3196,比特利斯
3197,博卢
3198,布尔杜尔
3199,布尔萨
3200,恰纳卡莱
3201,昌克勒
3202,乔鲁姆
3203,代尼兹利
3204,迪亚巴克尔
3205,埃迪尔内
3206,埃拉泽
3207,埃斯基谢希尔
3208,埃尔津詹
3209,埃尔祖鲁姆
3210,加济安泰普
3211,吉雷松
3212,居米什哈内
3213,哈卡里
3214,哈塔伊
3215,伊切尔
3216,伊迪尔
3217,伊斯帕尔塔
3218,伊斯坦布尔
3219,伊兹密尔
3220,卡赫拉曼马拉什
3221,卡斯塔莫努
3222,开塞利
3223,柯克拉雷利
3224,基利斯
3225,科贾埃利
3226,科尼亚
3227,卡拉比克
3228,克尔谢希尔
3229,克勒克卡莱
3230,卡拉曼
3231,卡尔斯
3232,屈塔希亚
3233,马拉蒂亚
3234,马尼萨
3235,马尔丁
3236,穆拉
3237,穆什
3238,内夫谢希尔
3239,尼代
3240,奥尔杜
3241,里泽
3242,萨卡里亚
3243,萨姆松
3244,锡尔特
3245,锡诺普
3246,锡尔纳克
3247,锡瓦斯
3248,泰基尔达
3249,托卡特
3250,特拉布宗
3251,通杰利
3252,拉飞
3253,乌萨克
3254,凡
3255,约兹加特
3256,宗古尔达克
3257,阿鲁沙
3258,多多马
3259,达累斯萨拉姆
3260,伊林加
3261,卡盖拉
3262,基戈马
3263,乞力马扎罗
3264,林迪
3265,姆贝亚
3266,桑给巴尔市和西
3267,莫洛戈罗
3268,马腊
3269,姆特瓦拉
3270,姆万扎
3271,曼亚拉
3272,奔巴北
3273,奔巴南
3274,滨海
3275,鲁夸
3276,鲁伍马
3277,欣延加
3278,辛吉达
3279,塔波拉
3280,坦噶
3281,桑给巴尔北
3282,桑给巴尔南
3283,桑给巴尔
3284,阿朱马尼
3285,阿帕克
3286,阿鲁阿
3287,布谢尼
3288,布吉里
3289,本迪布焦
3290,布西亚
3291,古卢
3292,霍伊马
3293,伊甘加
3294,金贾
3295,卡贝拉马伊多
3296,卡兰加拉
3297,卡姆文盖
3298,卡农古
3299,卡巴罗莱
3300,卡塞塞
3301,卡永加
3302,基巴莱
3303,卡巴莱
3304,基博加
3305,基索罗
3306,基特古姆
3307,卡穆利
3308,坎帕拉
3309,科蒂多
3310,卡普乔鲁瓦
3311,卡塔奎
3312,库米
3313,基恩乔乔
3314,利拉
3315,卢韦罗
3316,马萨卡
3317,马尤盖
3318,姆巴莱
3319,姆巴拉拉
3320,莫约
3321,姆皮吉
3322,莫罗托
3323,马辛迪
3324,穆本德
3325,穆科诺
3326,纳卡皮里皮里特
3327,内比
3328,纳卡松戈拉
3329,恩通加莫
3330,帕德尔
3331,帕利萨
3332,拉卡伊
3333,鲁昆吉里
3334,森巴布莱
3335,锡龙科
3336,索罗提
3337,托罗罗
3338,瓦基索
3339,永贝
3340,文尼察
3341,沃伦
3342,卢甘斯克
3343,第聂伯罗波得罗夫斯克
3344,顿涅茨克
3345,日托米尔
3346,外喀尔巴阡
3347,扎波罗热
3348,伊万－弗兰科夫州
3349,基辅
3350,基洛夫格勒
3351,克里米亚自治共和国
3352,利沃夫
3353,尼古拉耶夫
3354,敖德萨
3355,波尔塔瓦
3356,罗夫诺
3357,苏梅
3358,捷尔诺波尔
3359,哈尔科夫
3360,赫尔松州
3361,赫梅利尼茨基
3362,切尔卡瑟
3363,切尔尼戈夫
3364,切尔诺夫策
3365,阿蒂加斯
3366,卡内洛内斯
3367,塞罗拉尔戈
3368,科洛尼亚
3369,杜拉斯诺
3370,佛罗里达
3371,弗洛雷斯
3372,拉瓦耶哈
3373,马尔多纳多
3374,蒙得维的亚
3375,派桑杜
3376,内格罗河
3377,罗恰
3378,里韦拉
3379,圣何塞
3380,萨尔托
3381,索里亚诺
3382,三十三人
3383,塔夸伦博
3384,安克雷奇
3385,费尔班克斯
3386,朱诺
3387,伯明罕
3388,蒙哥马利
3389,莫比尔
3390,史密斯堡
3391,费耶特维尔
3392,小石城
3393,格兰代尔
3394,梅萨
3395,凤凰城
3396,史卡兹代尔
3397,坦普
3398,图森
3399,优玛
3400,洛杉矶
3401,圣迭戈
3402,旧金山
3403,圣何塞
3404,阿斯彭
3405,奥罗拉
3406,科罗拉多斯普林斯
3407,丹佛
3408,柯林斯堡
3409,大章克申
3410,韦尔
3411,博尔德
3412,布里奇波特
3413,达里恩
3414,格林尼治
3415,哈特福德
3416,纽黑文
3417,新不列颠
3418,沃特伯里
3419,韦斯特波特
3420,米德尔顿
3421,华盛顿哥伦比亚特区
3422,多佛
3423,威明顿
3424,纽瓦克
3425,卡纳维尔角
3426,基韦斯特
3427,罗德岱堡
3428,杰克逊维尔
3429,迈阿密
3430,奥兰多
3431,圣彼德斯堡市
3432,塔拉哈西
3433,坦帕
3434,奥古斯塔
3435,哥伦布
3436,梅肯
3437,沙瓦纳
3438,亚特兰大
3439,檀香山
3440,希洛
3441,凯卢阿
3442,锡达拉皮兹
3443,得梅因
3444,达文波特
3445,布莱克富特
3446,博伊西
3447,科达伦
3448,爱达荷福尔斯
3449,刘易斯顿
3450,莫斯科
3451,楠帕
3452,波卡特洛
3453,岂彻姆
3454,森瓦利
3455,亚美利加瀑布城
3456,墨菲
3457,奥尔顿
3458,奥罗拉
3459,布卢明顿
3460,芝加哥
3461,厄巴纳-香槟
3462,森特勒利亚
3463,迪凯持
3464,迪卡尔布
3465,丹维尓
3466,东圣路易斯
3467,盖尔斯堡
3468,卡本代尔
3469,诺黙尔
3470,皮奥里亚
3471,罗克福德
3472,罗克艾兰
3473,斯普林菲尔德
3474,沃其根
3475,埃文斯维尔
3476,韦恩堡
3477,印第安纳波利斯
3478,阿比林
3479,哈钦森
3480,威奇托
3481,堪萨斯城
3482,劳伦斯
3483,曼哈顿
3484,奥弗兰公园
3485,托皮卡
3486,莱文沃思
3487,列克星敦
3488,路易斯维尔
3489,欧文斯伯勒
3490,巴吞鲁日
3491,新奥尔良
3492,什里夫波特
3493,波士顿
3494,伍斯特
3495,斯普林菲尔德
3496,巴尔的摩
3497,盖瑟斯堡
3498,罗克维尔
3499,班戈
3500,波特兰
3501,刘易斯顿
3502,安娜堡
3503,卡拉马袓
3504,贝城
3505,巴特尔克里克
3506,迪尔伯恩
3507,底特律
3508,弗林特
3509,大急流城
3510,兰辛
3511,马斯基根
3512,休伦港
3513,庞菷亚克
3514,萨吉诺
3515,苏圣玛丽
3516,沃伦
3517,怀恩多特
3518,明尼阿波利斯
3519,罗切斯特
3520,圣保罗
3521,哥伦比亚
3522,杰佛逊市
3523,堪萨斯城
3524,斯普林菲尔德
3525,圣路易斯
3526,比洛克西
3527,格林维尔
3528,格尔夫波特
3529,哈蒂斯堡
3530,杰克逊
3531,默里迪恩
3532,维克斯堡
3533,比灵斯
3534,大瀑布村
3535,米苏拉
3536,艾许维尔
3537,教堂山
3538,夏洛特
3539,杜罕
3540,格林斯伯勒
3541,罗利
3542,洛利杜罕都会区
3543,俾斯麦
3544,法戈
3545,大福克斯
3546,迈诺特
3547,林肯
3548,奥马哈
3549,贝尔维尤
3550,纳舒厄
3551,康科德
3552,曼彻斯特
3553,泽西城
3554,纽瓦克
3555,帕特森
3556,阿尔伯克基
3557,拉斯克鲁塞斯
3558,罗斯韦尔
3559,圣菲
3560,卡森城
3561,埃尔科
3562,亨德森
3563,拉斯维加斯
3564,北拉斯维加斯
3565,里诺
3566,斯帕克斯
3567,弗吉尼亚城
3568,布法罗
3569,纽约市
3570,罗切斯特
3571,克利夫兰
3572,辛辛那提
3573,哥伦布
3574,代顿
3575,托莱多
3576,俄克拉荷马城
3577,诺曼
3578,塔尔萨
3579,本德
3580,库斯贝
3581,火山口湖
3582,达拉斯
3583,达尔斯
3584,尤金
3585,胡德里弗
3586,梅德福
3587,波特兰
3588,塞勒姆
3589,斯普林菲尔德
3590,圣海伦斯
3591,蒂拉穆克
3592,格兰茨帕斯
3593,科瓦利斯
3594,阿伦敦
3595,费城
3596,匹兹堡
3597,克兰斯顿
3598,纽波特
3599,波塔基特
3600,普罗维登斯
3601,文索基特
3602,沃威克
3603,韦斯特利
3604,查尔斯顿
3605,哥伦比亚
3606,北查尔斯顿
3607,阿伯丁
3608,苏福尔斯
3609,拉皮德城
3610,纳什维尔
3611,布利斯托
3612,查塔努加
3613,约翰逊城
3614,孟菲斯
3615,士麦那
3616,斯普林希尔
3617,金斯波特
3618,诺克斯维尔
3619,三城区
3620,奥斯汀
3621,哥帕斯基斯蒂
3622,达拉斯
3623,埃尔帕索
3624,交维斯顿
3625,休斯敦
3626,拉雷多
3627,圣安东尼奥
3628,麦亚伦
3629,雷登
3630,欧仁
3631,奥格登
3632,帕克城
3633,普罗沃
3634,圣乔治
3635,盐湖城
3636,西瓦利城
3637,切萨皮克
3638,诺福克
3639,弗吉尼亚比奇
3640,伯灵顿
3641,拉特兰
3642,南伯灵顿
3643,斯波坎
3644,西雅图
3645,塔科马
3646,阿普尓顿
3647,沃索
3648,欧克莱尓
3649,基诺沙
3650,格林贝
3651,拉克罗斯
3652,密尔沃基
3653,马尼托沃克
3654,奥什科什
3655,迈迪逊
3656,拉辛
3657,希博伊根
3658,查尔斯顿
3659,亨廷顿
3660,帕克斯堡
3661,卡斯珀
3662,夏延
3663,埃文斯顿
3664,拉勒米
3665,罗克斯普林斯
3666,谢里登
3667,安集延
3668,布哈拉
3669,费尔干纳
3670,吉扎克
3671,纳曼干
3672,纳沃伊
3673,卡什卡达里亚
3674,卡拉卡尔帕克斯坦共和国
3675,撒马尔罕
3676,锡尔河
3677,苏尔汉河
3678,塔什干
3679,塔什干市
3680,花拉子模
3681,加拉加斯
3682,安索阿特吉
3683,阿普雷
3684,阿拉瓜
3685,巴里纳斯
3686,玻利瓦尔
3687,卡拉沃沃
3688,科赫德斯
3689,法尔孔
3690,瓜里科
3691,拉腊
3692,梅里达
3693,米兰达
3694,莫纳加斯
3695,新埃斯帕塔
3696,波图格萨
3697,苏克雷
3698,塔奇拉
3699,特鲁希略
3700,亚拉奎
3701,苏利亚
3702,联邦属地
3703,阿马库罗三角洲
3704,亚马孙
3705,胡志明市
3706,河内
3707,海防
3708,马朗帕
3709,彭纳马
3710,桑马
3711,谢法
3712,塔菲阿
3713,托尔巴
3714,阿比扬
3715,亚丁
3716,阿姆兰
3717,贝达
3718,达利
3719,扎玛尔
3720,哈德拉毛
3721,哈杰
3722,荷台达
3723,伊卜
3724,焦夫
3725,拉赫季
3726,马里卜
3727,迈赫拉
3728,迈赫维特
3729,萨达
3730,舍卜沃
3731,萨那
3732,塔伊兹
3733,希赫尔
3734,赛文
3735,东巴克利
3736,布雷达斯多普
3737,西博福特
3738,布隆方丹
3739,布隆克斯特斯普利特
3740,比索
3741,开普敦
3742,德阿尔
3743,邓迪
3744,德班
3745,东伦敦
3746,格罗布莱斯达尔
3747,基雅尼
3748,乔治
3749,特克索波
3750,约翰内斯堡
3751,金伯利
3752,库鲁曼
3753,克莱克斯多普
3754,莱迪史密斯
3755,艾利弗山
3756,米德尔堡
3757,穆里斯堡
3758,姆库泽
3759,纽卡斯尔
3760,内尔斯普雷特
3761,尼尔斯特隆
3762,伊丽莎白港
3763,比勒陀利亚
3764,谢普斯通港
3765,彼德斯堡
3766,彼德马里茨堡
3767,理查兹湾
3768,兰德方丹
3769,利斯滕堡
3770,萨索尔堡
3771,跳羚
3772,托霍延杜
3773,图拉马哈谢
3774,特隆普斯堡
3775,乌伦迪
3776,阿平顿
3777,乌姆塔塔
3778,昆士敦
3779,弗里尼欣
3780,弗雷堡
3781,韦尔科姆
3782,伍斯特
3783,韦茨肖克
3784,瑟孔达
3785,铜带
3786,中央
3787,东方
3788,卢萨卡
3789,卢阿普拉
3790,北方
3791,西北
3792,南方
3793,西方
3794,布拉瓦约
3795,哈拉雷
3796,中马绍纳兰
3797,中部
3798,东马绍纳兰
3799,马尼卡兰
3800,北马塔贝莱兰
3801,南马塔贝莱兰
3802,马斯温戈
3803,西马绍纳兰
3804,亚洲
3805,欧洲
3806,非洲
3807,大洋洲
3808,南极洲
3809,北美洲
3810,南美洲
3811,阿鲁巴岛
3812,阿富汗
3813,安哥拉
3814,安圭拉
3815,奥兰群岛
3816,阿尔巴尼亚
3817,安道尔
3818,荷属安地列斯群岛
3819,阿联酋
3820,阿根廷
3821,亚美尼亚
3822,阿森松岛
3823,美属萨摩亚
3824,南极洲
3825,法属南部领地
3826,安提瓜和巴布达
3827,澳大利亚
3828,奥地利
3829,阿塞拜疆
3830,布隆迪
3831,比利时
3832,贝宁
3833,布基纳法索
3834,孟加拉国
3835,保加利亚
3836,巴林
3837,巴哈马
3838,波斯尼亚和黑塞哥维那
3839,白俄罗斯
3840,伯利兹
3841,百慕大
3842,玻利维亚
3843,巴西
3844,巴巴多斯
3845,文莱
3846,不丹
3847,布韦岛
3848,博茨瓦纳
3849,中非
3850,加拿大
3851,科科斯群岛
3852,瑞士
3853,智利
3854,中国
3855,科特迪瓦
3856,喀麦隆
3857,民主刚果
3858,刚果
3859,库克群岛
3860,哥伦比亚
3861,科摩罗
3862,佛得角
3863,哥斯达黎加
3864,古巴
3865,圣诞岛
3866,开曼群岛
3867,塞浦路斯
3868,捷克
3869,德国
3870,吉布提
3871,多米尼克
3872,丹麦
3873,多米尼加
3874,阿尔及利亚
3875,厄瓜多尔
3876,埃及
3877,厄立特里亚
3878,西班牙
3879,爱沙尼亚
3880,埃塞俄比亚
3881,芬兰
3882,斐济
3883,弗兰克群岛
3884,法国
3885,法罗群岛
3886,密克罗尼西亚联邦
3887,加蓬
3888,英国
3889,格鲁吉亚
3890,格恩西岛
3891,加纳
3892,直布罗陀
3893,几内亚
3894,瓜德罗普
3895,冈比亚
3896,几内亚比绍
3897,希腊
3898,格林纳达
3899,格陵兰
3900,危地马拉
3901,法属圭亚那
3902,关岛
3903,圭亚那
3904,赫德和麦克唐纳群岛
3905,洪都拉斯
3906,克罗地亚
3907,海地
3908,匈牙利
3909,印度尼西亚
3910,曼岛
3911,印度
3912,英属印度洋领地
3913,爱尔兰
3914,伊朗
3915,伊拉克
3916,冰岛
3917,以色列
3918,意大利
3919,牙买加
3920,泽西岛
3921,约旦
3922,日本
3923,哈萨克斯坦
3924,肯尼亚
3925,吉尔吉斯斯坦
3926,柬埔寨
3927,基里巴斯
3928,圣其茨-尼维斯
3929,韩国
3930,科威特
3931,老挝
3932,黎巴嫩
3933,利比里亚
3934,利比亚
3935,圣卢西亚
3936,列支敦士登
3937,斯里兰卡
3938,莱索托
3939,立陶宛
3940,卢森堡
3941,拉脱维亚
3942,摩洛哥
3943,摩纳哥
3944,摩尔多瓦
3945,马达加斯加
3946,马尔代夫
3947,墨西哥
3948,马绍尔群岛
3949,马其顿
3950,马里
3951,马耳他
3952,缅甸
3953,蒙古
3954,北马里亚纳群岛
3955,莫桑比克
3956,毛里塔尼亚
3957,蒙特塞拉特
3958,马提尼克
3959,毛里求斯
3960,马拉维
3961,马来西亚
3962,马约特岛
3963,纳米比亚
3964,新喀里多尼亚
3965,尼日尔
3966,诺福克
3967,尼日利亚
3968,尼加拉瓜
3969,纽埃
3970,荷兰
3971,挪威
3972,尼泊尔
3973,瑙鲁
3974,新西兰
3975,阿曼
3976,巴基斯坦
3977,巴拿马
3978,皮特凯恩
3979,秘鲁
3980,菲律宾
3981,帕劳
3982,巴布亚新几内亚
3983,波兰
3984,波多黎各
3985,朝鲜
3986,葡萄牙
3987,巴拉圭
3988,巴勒斯坦
3989,法属玻利尼西亚
3990,卡塔尔
3991,留尼汪
3992,罗马尼亚
3993,俄罗斯联邦
3994,卢旺达
3995,沙特阿拉伯
3996,"塞尔维亚,黑山"
3997,苏丹
3998,塞内加尔
3999,新加坡
4000,南乔治亚和南桑德威奇群岛
4001,圣赫勒拿
4002,斯瓦尔巴和扬马廷
4003,所罗门群岛
4004,塞拉利昂
4005,萨尔瓦多
4006,圣马力诺
4007,索马里
4008,圣皮埃尔和密克隆
4009,圣多美和普林西比
4010,苏里南
4011,斯洛伐克
4012,斯洛文尼亚
4013,瑞典
4014,斯威士兰
4015,塞舌尔
4016,叙利亚
4017,特里斯坦达昆哈
4018,特克斯和凯克特斯群岛
4019,乍得
4020,多哥
4021,泰国
4022,塔吉克斯坦
4023,托克劳
4024,土库曼斯坦
4025,东帝汶
4026,汤加
4027,特立尼达和多巴哥
4028,突尼斯
4029,土耳其
4030,图瓦卢
4031,坦桑尼亚
4032,乌干达
4033,乌克兰
4034,美属外岛
4035,乌拉圭
4036,美国
4037,乌兹别克斯坦
4038,梵蒂冈城国
4039,圣文森特和格纳丁斯
4040,委内瑞拉
4041,维尔京群岛，英属
4042,维尔京群岛，美属
4043,越南
4044,瓦努阿图
4045,瓦利斯和福图纳
4046,萨摩亚
4047,也门
4048,南非
4049,赞比亚
4050,津巴布韦
4051,长安区
4052,桥东区
4053,桥西区
4054,新华区
4055,井陉矿区
4056,裕华区
4057,井陉县
4058,正定县
4059,栾城县
4060,行唐县
4061,灵寿县
4062,高邑县
4063,深泽县
4064,赞皇县
4065,无极县
4066,平山县
4067,元氏县
4068,赵县
4069,辛集市
4070,藁城市
4071,晋州市
4072,新乐市
4073,鹿泉市
4074,路南区
4075,路北区
4076,古冶区
4077,开平区
4078,丰南区
4079,丰润区
4080,曹妃甸区
4081,滦　县
4082,滦南县
4083,乐亭县
4084,迁西县
4085,玉田县
4086,遵化市
4087,迁安市
4088,海港区
4089,山海关区
4090,北戴河区
4091,青龙满族自治县
4092,昌黎县
4093,抚宁县
4094,卢龙县
4095,邯山区
4096,丛台区
4097,复兴区
4098,峰峰矿区
4099,邯郸县
4100,临漳县
4101,成安县
4102,大名县
4103,涉　县
4104,磁　县
4105,肥乡县
4106,永年县
4107,邱　县
4108,鸡泽县
4109,广平县
4110,馆陶县
4111,魏　县
4112,曲周县
4113,武安市
4114,桥东区
4115,桥西区
4116,邢台县
4117,临城县
4118,内丘县
4119,柏乡县
4120,隆尧县
4121,任　县
4122,南和县
4123,宁晋县
4124,巨鹿县
4125,新河县
4126,广宗县
4127,平乡县
4128,威　县
4129,清河县
4130,临西县
4131,南宫市
4132,沙河市
4133,新市区
4134,北市区
4135,南市区
4136,满城县
4137,清苑县
4138,涞水县
4139,阜平县
4140,徐水县
4141,定兴县
4142,唐　县
4143,高阳县
4144,容城县
4145,涞源县
4146,望都县
4147,安新县
4148,易　县
4149,曲阳县
4150,蠡　县
4151,顺平县
4152,博野县
4153,雄　县
4154,涿州市
4155,定州市
4156,安国市
4157,高碑店市
4158,桥东区
4159,桥西区
4160,宣化区
4161,下花园区
4162,宣化县
4163,张北县
4164,康保县
4165,沽源县
4166,尚义县
4167,蔚　县
4168,阳原县
4169,怀安县
4170,万全县
4171,怀来县
4172,涿鹿县
4173,赤城县
4174,崇礼县
4175,双桥区
4176,双滦区
4177,鹰手营子矿区
4178,承德县
4179,兴隆县
4180,平泉县
4181,滦平县
4182,隆化县
4183,丰宁满族自治县
4184,宽城满族自治县
4185,围场满族蒙古族自治县
4186,新华区
4187,运河区
4188,沧　县
4189,青　县
4190,东光县
4191,海兴县
4192,盐山县
4193,肃宁县
4194,南皮县
4195,吴桥县
4196,献　县
4197,孟村回族自治县
4198,泊头市
4199,任丘市
4200,黄骅市
4201,河间市
4202,安次区
4203,广阳区
4204,固安县
4205,永清县
4206,香河县
4207,大城县
4208,文安县
4209,大厂回族自治县
4210,霸州市
4211,三河市
4212,桃城区
4213,枣强县
4214,武邑县
4215,武强县
4216,饶阳县
4217,安平县
4218,故城县
4219,景　县
4220,阜城县
4221,冀州市
4222,深州市
4223,小店区
4224,迎泽区
4225,杏花岭区
4226,尖草坪区
4227,万柏林区
4228,晋源区
4229,清徐县
4230,阳曲县
4231,娄烦县
4232,古交市
4233,城　区
4234,矿　区
4235,南郊区
4236,新荣区
4237,阳高县
4238,天镇县
4239,广灵县
4240,灵丘县
4241,浑源县
4242,左云县
4243,大同县
4244,城　区
4245,矿　区
4246,郊　区
4247,平定县
4248,盂　县
4249,城　区
4250,郊　区
4251,长治县
4252,襄垣县
4253,屯留县
4254,平顺县
4255,黎城县
4256,壶关县
4257,长子县
4258,武乡县
4259,沁　县
4260,沁源县
4261,潞城市
4262,城　区
4263,沁水县
4264,阳城县
4265,陵川县
4266,泽州县
4267,高平市
4268,朔城区
4269,平鲁区
4270,山阴县
4271,应　县
4272,右玉县
4273,怀仁县
4274,榆次区
4275,榆社县
4276,左权县
4277,和顺县
4278,昔阳县
4279,寿阳县
4280,太谷县
4281,祁　县
4282,平遥县
4283,灵石县
4284,介休市
4285,盐湖区
4286,临猗县
4287,万荣县
4288,闻喜县
4289,稷山县
4290,新绛县
4291,绛　县
4292,垣曲县
4293,夏　县
4294,平陆县
4295,芮城县
4296,永济市
4297,河津市
4298,忻府区
4299,定襄县
4300,五台县
4301,代　县
4302,繁峙县
4303,宁武县
4304,静乐县
4305,神池县
4306,五寨县
4307,岢岚县
4308,河曲县
4309,保德县
4310,偏关县
4311,原平市
4312,尧都区
4313,曲沃县
4314,翼城县
4315,襄汾县
4316,洪洞县
4317,古　县
4318,安泽县
4319,浮山县
4320,吉　县
4321,乡宁县
4322,大宁县
4323,隰　县
4324,永和县
4325,蒲　县
4326,汾西县
4327,侯马市
4328,霍州市
4329,离石区
4330,文水县
4331,交城县
4332,兴　县
4333,临　县
4334,柳林县
4335,石楼县
4336,岚　县
4337,方山县
4338,中阳县
4339,交口县
4340,孝义市
4341,汾阳市
4342,新城区
4343,回民区
4344,玉泉区
4345,赛罕区
4346,土默特左旗
4347,托克托县
4348,和林格尔县
4349,清水河县
4350,武川县
4351,东河区
4352,昆都仑区
4353,青山区
4354,石拐区
4355,白云鄂博矿区
4356,九原区
4357,土默特右旗
4358,固阳县
4359,达尔罕茂明安联合旗
4360,海勃湾区
4361,海南区
4362,乌达区
4363,红山区
4364,元宝山区
4365,松山区
4366,阿鲁科尔沁旗
4367,巴林左旗
4368,巴林右旗
4369,林西县
4370,克什克腾旗
4371,翁牛特旗
4372,喀喇沁旗
4373,宁城县
4374,敖汉旗
4375,科尔沁区
4376,科尔沁左翼中旗
4377,科尔沁左翼后旗
4378,开鲁县
4379,库伦旗
4380,奈曼旗
4381,扎鲁特旗
4382,霍林郭勒市
4383,东胜区
4384,达拉特旗
4385,准格尔旗
4386,鄂托克前旗
4387,鄂托克旗
4388,杭锦旗
4389,乌审旗
4390,伊金霍洛旗
4391,海拉尔区
4392,阿荣旗
4393,莫力达瓦达斡尔族自治旗
4394,鄂伦春自治旗
4395,鄂温克族自治旗
4396,陈巴尔虎旗
4397,新巴尔虎左旗
4398,新巴尔虎右旗
4399,满洲里市
4400,牙克石市
4401,扎兰屯市
4402,额尔古纳市
4403,根河市
4404,临河区
4405,五原县
4406,磴口县
4407,乌拉特前旗
4408,乌拉特中旗
4409,乌拉特后旗
4410,杭锦后旗
4411,集宁区
4412,卓资县
4413,化德县
4414,商都县
4415,兴和县
4416,凉城县
4417,察哈尔右翼前旗
4418,察哈尔右翼中旗
4419,察哈尔右翼后旗
4420,四子王旗
4421,丰镇市
4422,乌兰浩特市
4423,阿尔山市
4424,科尔沁右翼前旗
4425,科尔沁右翼中旗
4426,扎赉特旗
4427,突泉县
4428,二连浩特市
4429,锡林浩特市
4430,阿巴嘎旗
4431,苏尼特左旗
4432,苏尼特右旗
4433,东乌珠穆沁旗
4434,西乌珠穆沁旗
4435,太仆寺旗
4436,镶黄旗
4437,正镶白旗
4438,正蓝旗
4439,多伦县
4440,阿拉善左旗
4441,阿拉善右旗
4442,额济纳旗
4443,和平区
4444,沈河区
4445,大东区
4446,皇姑区
4447,铁西区
4448,苏家屯区
4449,东陵区
4450,沈北新区
4451,于洪区
4452,辽中县
4453,康平县
4454,法库县
4455,新民市
4456,中山区
4457,西岗区
4458,沙河口区
4459,甘井子区
4460,旅顺口区
4461,金州区
4462,长海县
4463,瓦房店市
4464,普兰店市
4465,庄河市
4466,铁东区
4467,铁西区
4468,立山区
4469,千山区
4470,台安县
4471,岫岩满族自治县
4472,海城市
4473,新抚区
4474,东洲区
4475,望花区
4476,顺城区
4477,抚顺县
4478,新宾满族自治县
4479,清原满族自治县
4480,平山区
4481,溪湖区
4482,明山区
4483,南芬区
4484,本溪满族自治县
4485,桓仁满族自治县
4486,元宝区
4487,振兴区
4488,振安区
4489,宽甸满族自治县
4490,东港市
4491,凤城市
4492,古塔区
4493,凌河区
4494,太和区
4495,黑山县
4496,义　县
4497,凌海市
4498,北镇市
4499,站前区
4500,西市区
4501,鲅鱼圈区
4502,老边区
4503,盖州市
4504,大石桥市
4505,海州区
4506,新邱区
4507,太平区
4508,清河门区
4509,细河区
4510,阜新蒙古族自治县
4511,彰武县
4512,白塔区
4513,文圣区
4514,宏伟区
4515,弓长岭区
4516,太子河区
4517,辽阳县
4518,灯塔市
4519,双台子区
4520,兴隆台区
4521,大洼县
4522,盘山县
4523,银州区
4524,清河区
4525,铁岭县
4526,西丰县
4527,昌图县
4528,调兵山市
4529,开原市
4530,双塔区
4531,龙城区
4532,朝阳县
4533,建平县
4534,喀喇沁左翼蒙古族自治县
4535,北票市
4536,凌源市
4537,连山区
4538,龙港区
4539,南票区
4540,绥中县
4541,建昌县
4542,兴城市
4543,南关区
4544,宽城区
4545,朝阳区
4546,二道区
4547,绿园区
4548,双阳区
4549,农安县
4550,九台市
4551,榆树市
4552,德惠市
4553,昌邑区
4554,龙潭区
4555,船营区
4556,丰满区
4557,永吉县
4558,蛟河市
4559,桦甸市
4560,舒兰市
4561,磐石市
4562,铁西区
4563,铁东区
4564,梨树县
4565,伊通满族自治县
4566,公主岭市
4567,双辽市
4568,龙山区
4569,西安区
4570,东丰县
4571,东辽县
4572,东昌区
4573,二道江区
4574,通化县
4575,辉南县
4576,柳河县
4577,梅河口市
4578,集安市
4579,八道江区
4580,江源区
4581,抚松县
4582,靖宇县
4583,长白朝鲜族自治县
4584,临江市
4585,宁江区
4586,前郭尔罗斯蒙古族自治县
4587,长岭县
4588,乾安县
4589,扶余县
4590,洮北区
4591,镇赉县
4592,通榆县
4593,洮南市
4594,大安市
4595,延吉市
4596,图们市
4597,敦化市
4598,珲春市
4599,龙井市
4600,和龙市
4601,汪清县
4602,安图县
4603,道里区
4604,南岗区
4605,道外区
4606,平房区
4607,松北区
4608,香坊区
4609,呼兰区
4610,阿城区
4611,依兰县
4612,方正县
4613,宾　县
4614,巴彦县
4615,木兰县
4616,通河县
4617,延寿县
4618,双城市
4619,尚志市
4620,五常市
4621,龙沙区
4622,建华区
4623,铁锋区
4624,昂昂溪区
4625,富拉尔基区
4626,碾子山区
4627,梅里斯达斡尔族区
4628,龙江县
4629,依安县
4630,泰来县
4631,甘南县
4632,富裕县
4633,克山县
4634,克东县
4635,拜泉县
4636,讷河市
4637,鸡冠区
4638,恒山区
4639,滴道区
4640,梨树区
4641,城子河区
4642,麻山区
4643,鸡东县
4644,虎林市
4645,密山市
4646,向阳区
4647,工农区
4648,南山区
4649,兴安区
4650,东山区
4651,兴山区
4652,萝北县
4653,绥滨县
4654,尖山区
4655,岭东区
4656,四方台区
4657,宝山区
4658,集贤县
4659,友谊县
4660,宝清县
4661,饶河县
4662,萨尔图区
4663,龙凤区
4664,让胡路区
4665,红岗区
4666,大同区
4667,肇州县
4668,肇源县
4669,林甸县
4670,杜尔伯特蒙古族自治县
4671,伊春区
4672,南岔区
4673,友好区
4674,西林区
4675,翠峦区
4676,新青区
4677,美溪区
4678,金山屯区
4679,五营区
4680,乌马河区
4681,汤旺河区
4682,带岭区
4683,乌伊岭区
4684,红星区
4685,上甘岭区
4686,嘉荫县
4687,铁力市
4688,向阳区
4689,前进区
4690,东风区
4691,郊　区
4692,桦南县
4693,桦川县
4694,汤原县
4695,抚远县
4696,同江市
4697,富锦市
4698,新兴区
4699,桃山区
4700,茄子河区
4701,勃利县
4702,东安区
4703,阳明区
4704,爱民区
4705,西安区
4706,东宁县
4707,林口县
4708,绥芬河市
4709,海林市
4710,宁安市
4711,穆棱市
4712,爱辉区
4713,嫩江县
4714,逊克县
4715,孙吴县
4716,北安市
4717,五大连池市
4718,北林区
4719,望奎县
4720,兰西县
4721,青冈县
4722,庆安县
4723,明水县
4724,绥棱县
4725,安达市
4726,肇东市
4727,海伦市
4728,呼玛县
4729,塔河县
4730,漠河县
4731,玄武区
4732,白下区
4733,秦淮区
4734,建邺区
4735,鼓楼区
4736,下关区
4737,浦口区
4738,栖霞区
4739,雨花台区
4740,江宁区
4741,六合区
4742,溧水县
4743,高淳县
4744,崇安区
4745,南长区
4746,北塘区
4747,锡山区
4748,惠山区
4749,滨湖区
4750,江阴市
4751,宜兴市
4752,鼓楼区
4753,云龙区
4754,九里区
4755,贾汪区
4756,泉山区
4757,丰　县
4758,沛　县
4759,铜山县
4760,睢宁县
4761,新沂市
4762,邳州市
4763,天宁区
4764,钟楼区
4765,戚墅堰区
4766,新北区
4767,武进区
4768,溧阳市
4769,金坛市
4770,姑苏区
4771,虎丘区
4772,吴中区
4773,相城区
4774,吴江区
4775,常熟市
4776,张家港市
4777,昆山市
4778,太仓市
4779,崇川区
4780,港闸区
4781,海安县
4782,如东县
4783,启东市
4784,如皋市
4785,通州市
4786,海门市
4787,连云区
4788,新浦区
4789,海州区
4790,赣榆县
4791,东海县
4792,灌云县
4793,灌南县
4794,清河区
4795,淮安区
4796,淮阴区
4797,清浦区
4798,涟水县
4799,洪泽县
4800,盱眙县
4801,金湖县
4802,亭湖区
4803,盐都区
4804,响水县
4805,滨海县
4806,阜宁县
4807,射阳县
4808,建湖县
4809,东台市
4810,大丰市
4811,广陵区
4812,邗江区
4813,维扬区
4814,宝应县
4815,仪征市
4816,高邮市
4817,江都市
4818,京口区
4819,润州区
4820,丹徒区
4821,丹阳市
4822,扬中市
4823,句容市
4824,海陵区
4825,高港区
4826,兴化市
4827,靖江市
4828,泰兴市
4829,姜堰市
4830,宿城区
4831,宿豫区
4832,沭阳县
4833,泗阳县
4834,泗洪县
4835,上城区
4836,下城区
4837,江干区
4838,拱墅区
4839,西湖区
4840,滨江区
4841,萧山区
4842,余杭区
4843,桐庐县
4844,淳安县
4845,建德市
4846,富阳市
4847,临安市
4848,海曙区
4849,江东区
4850,江北区
4851,北仑区
4852,镇海区
4853,鄞州区
4854,象山县
4855,宁海县
4856,余姚市
4857,慈溪市
4858,奉化市
4859,鹿城区
4860,龙湾区
4861,瓯海区
4862,洞头县
4863,永嘉县
4864,平阳县
4865,苍南县
4866,文成县
4867,泰顺县
4868,瑞安市
4869,乐清市
4870,南湖区
4871,秀洲区
4872,嘉善县
4873,海盐县
4874,海宁市
4875,平湖市
4876,桐乡市
4877,吴兴区
4878,南浔区
4879,德清县
4880,长兴县
4881,安吉县
4882,越城区
4883,绍兴县
4884,新昌县
4885,诸暨市
4886,上虞市
4887,嵊州市
4888,婺城区
4889,金东区
4890,武义县
4891,浦江县
4892,磐安县
4893,兰溪市
4894,义乌市
4895,东阳市
4896,永康市
4897,柯城区
4898,衢江区
4899,常山县
4900,开化县
4901,龙游县
4902,江山市
4903,定海区
4904,普陀区
4905,岱山县
4906,嵊泗县
4907,椒江区
4908,黄岩区
4909,路桥区
4910,玉环县
4911,三门县
4912,天台县
4913,仙居县
4914,温岭市
4915,临海市
4916,莲都区
4917,青田县
4918,缙云县
4919,遂昌县
4920,松阳县
4921,云和县
4922,庆元县
4923,景宁畲族自治县
4924,龙泉市
4925,瑶海区
4926,庐阳区
4927,蜀山区
4928,包河区
4929,长丰县
4930,肥东县
4931,肥西县
4932,庐江县
4933,巢湖市
4934,镜湖区
4935,弋江区
4936,鸠江区
4937,三山区
4938,芜湖县
4939,繁昌县
4940,南陵县
4941,无为县
4942,龙子湖区
4943,蚌山区
4944,禹会区
4945,淮上区
4946,怀远县
4947,五河县
4948,固镇县
4949,大通区
4950,田家庵区
4951,谢家集区
4952,八公山区
4953,潘集区
4954,凤台县
4955,花山区
4956,雨山区
4957,博望区
4958,当涂县
4959,含山县
4960,和县
4961,杜集区
4962,相山区
4963,烈山区
4964,濉溪县
4965,铜官山区
4966,狮子山区
4967,郊　区
4968,铜陵县
4969,迎江区
4970,大观区
4971,宜秀区
4972,怀宁县
4973,枞阳县
4974,潜山县
4975,太湖县
4976,宿松县
4977,望江县
4978,岳西县
4979,桐城市
4980,屯溪区
4981,黄山区
4982,徽州区
4983,歙　县
4984,休宁县
4985,黟　县
4986,祁门县
4987,琅琊区
4988,南谯区
4989,来安县
4990,全椒县
4991,定远县
4992,凤阳县
4993,天长市
4994,明光市
4995,颍州区
4996,颍东区
4997,颍泉区
4998,临泉县
4999,太和县
5000,阜南县
5001,颍上县
5002,界首市
5003,埇桥区
5004,砀山县
5005,萧　县
5006,灵璧县
5007,泗　县
5008,金安区
5009,裕安区
5010,寿　县
5011,霍邱县
5012,舒城县
5013,金寨县
5014,霍山县
5015,谯城区
5016,涡阳县
5017,蒙城县
5018,利辛县
5019,贵池区
5020,东至县
5021,石台县
5022,青阳县
5023,宣州区
5024,郎溪县
5025,广德县
5026,泾　县
5027,绩溪县
5028,旌德县
5029,宁国市
5030,鼓楼区
5031,台江区
5032,仓山区
5033,马尾区
5034,晋安区
5035,闽侯县
5036,连江县
5037,罗源县
5038,闽清县
5039,永泰县
5040,平潭县
5041,福清市
5042,长乐市
5043,思明区
5044,海沧区
5045,湖里区
5046,集美区
5047,同安区
5048,翔安区
5049,城厢区
5050,涵江区
5051,荔城区
5052,秀屿区
5053,仙游县
5054,梅列区
5055,三元区
5056,明溪县
5057,清流县
5058,宁化县
5059,大田县
5060,尤溪县
5061,沙　县
5062,将乐县
5063,泰宁县
5064,建宁县
5065,永安市
5066,鲤城区
5067,丰泽区
5068,洛江区
5069,泉港区
5070,惠安县
5071,安溪县
5072,永春县
5073,德化县
5074,金门县
5075,石狮市
5076,晋江市
5077,南安市
5078,芗城区
5079,龙文区
5080,云霄县
5081,漳浦县
5082,诏安县
5083,长泰县
5084,东山县
5085,南靖县
5086,平和县
5087,华安县
5088,龙海市
5089,延平区
5090,顺昌县
5091,浦城县
5092,光泽县
5093,松溪县
5094,政和县
5095,邵武市
5096,武夷山市
5097,建瓯市
5098,建阳市
5099,新罗区
5100,长汀县
5101,永定县
5102,上杭县
5103,武平县
5104,连城县
5105,漳平市
5106,蕉城区
5107,霞浦县
5108,古田县
5109,屏南县
5110,寿宁县
5111,周宁县
5112,柘荣县
5113,福安市
5114,福鼎市
5115,东湖区
5116,西湖区
5117,青云谱区
5118,湾里区
5119,青山湖区
5120,南昌县
5121,新建县
5122,安义县
5123,进贤县
5124,昌江区
5125,珠山区
5126,浮梁县
5127,乐平市
5128,安源区
5129,湘东区
5130,莲花县
5131,上栗县
5132,芦溪县
5133,庐山区
5134,浔阳区
5135,九江县
5136,武宁县
5137,修水县
5138,永修县
5139,德安县
5140,星子县
5141,都昌县
5142,湖口县
5143,彭泽县
5144,瑞昌市
5145,渝水区
5146,分宜县
5147,月湖区
5148,余江县
5149,贵溪市
5150,章贡区
5151,赣　县
5152,信丰县
5153,大余县
5154,上犹县
5155,崇义县
5156,安远县
5157,龙南县
5158,定南县
5159,全南县
5160,宁都县
5161,于都县
5162,兴国县
5163,会昌县
5164,寻乌县
5165,石城县
5166,瑞金市
5167,南康市
5168,吉州区
5169,青原区
5170,吉安县
5171,吉水县
5172,峡江县
5173,新干县
5174,永丰县
5175,泰和县
5176,遂川县
5177,万安县
5178,安福县
5179,永新县
5180,井冈山市
5181,袁州区
5182,奉新县
5183,万载县
5184,上高县
5185,宜丰县
5186,靖安县
5187,铜鼓县
5188,丰城市
5189,樟树市
5190,高安市
5191,临川区
5192,南城县
5193,黎川县
5194,南丰县
5195,崇仁县
5196,乐安县
5197,宜黄县
5198,金溪县
5199,资溪县
5200,东乡县
5201,广昌县
5202,信州区
5203,上饶县
5204,广丰县
5205,玉山县
5206,铅山县
5207,横峰县
5208,弋阳县
5209,余干县
5210,鄱阳县
5211,万年县
5212,婺源县
5213,德兴市
5214,历下区
5215,市中区
5216,槐荫区
5217,天桥区
5218,历城区
5219,长清区
5220,平阴县
5221,济阳县
5222,商河县
5223,章丘市
5224,市南区
5225,市北区
5226,四方区
5227,黄岛区
5228,崂山区
5229,李沧区
5230,城阳区
5231,胶州市
5232,即墨市
5233,平度市
5234,胶南市
5235,莱西市
5236,淄川区
5237,张店区
5238,博山区
5239,临淄区
5240,周村区
5241,桓台县
5242,高青县
5243,沂源县
5244,市中区
5245,薛城区
5246,峄城区
5247,台儿庄区
5248,山亭区
5249,滕州市
5250,东营区
5251,河口区
5252,垦利县
5253,利津县
5254,广饶县
5255,芝罘区
5256,福山区
5257,牟平区
5258,莱山区
5259,长岛县
5260,龙口市
5261,莱阳市
5262,莱州市
5263,蓬莱市
5264,招远市
5265,栖霞市
5266,海阳市
5267,潍城区
5268,寒亭区
5269,坊子区
5270,奎文区
5271,临朐县
5272,昌乐县
5273,青州市
5274,诸城市
5275,寿光市
5276,安丘市
5277,高密市
5278,昌邑市
5279,市中区
5280,任城区
5281,微山县
5282,鱼台县
5283,金乡县
5284,嘉祥县
5285,汶上县
5286,泗水县
5287,梁山县
5288,曲阜市
5289,兖州市
5290,邹城市
5291,泰山区
5292,岱岳区
5293,宁阳县
5294,东平县
5295,新泰市
5296,肥城市
5297,环翠区
5298,文登市
5299,荣成市
5300,乳山市
5301,东港区
5302,岚山区
5303,五莲县
5304,莒　县
5305,莱城区
5306,钢城区
5307,兰山区
5308,罗庄区
5309,河东区
5310,沂南县
5311,郯城县
5312,沂水县
5313,苍山县
5314,费　县
5315,平邑县
5316,莒南县
5317,蒙阴县
5318,临沭县
5319,德城区
5320,陵　县
5321,宁津县
5322,庆云县
5323,临邑县
5324,齐河县
5325,平原县
5326,夏津县
5327,武城县
5328,乐陵市
5329,禹城市
5330,东昌府区
5331,阳谷县
5332,莘　县
5333,茌平县
5334,东阿县
5335,冠　县
5336,高唐县
5337,临清市
5338,滨城区
5339,惠民县
5340,阳信县
5341,无棣县
5342,沾化县
5343,博兴县
5344,邹平县
5345,牡丹区
5346,曹　县
5347,单　县
5348,成武县
5349,巨野县
5350,郓城县
5351,鄄城县
5352,定陶县
5353,东明县
5354,中原区
5355,二七区
5356,管城回族区
5357,金水区
5358,上街区
5359,惠济区
5360,中牟县
5361,巩义市
5362,荥阳市
5363,新密市
5364,新郑市
5365,登封市
5366,龙亭区
5367,顺河回族区
5368,鼓楼区
5369,禹王台区
5370,金明区
5371,杞　县
5372,通许县
5373,尉氏县
5374,开封县
5375,兰考县
5376,老城区
5377,西工区
5378,瀍河回族区
5379,涧西区
5380,吉利区
5381,洛龙区
5382,孟津县
5383,新安县
5384,栾川县
5385,嵩　县
5386,汝阳县
5387,宜阳县
5388,洛宁县
5389,伊川县
5390,偃师市
5391,新华区
5392,卫东区
5393,石龙区
5394,湛河区
5395,宝丰县
5396,叶　县
5397,鲁山县
5398,郏　县
5399,舞钢市
5400,汝州市
5401,文峰区
5402,北关区
5403,殷都区
5404,龙安区
5405,安阳县
5406,汤阴县
5407,滑　县
5408,内黄县
5409,林州市
5410,鹤山区
5411,山城区
5412,淇滨区
5413,浚　县
5414,淇　县
5415,红旗区
5416,卫滨区
5417,凤泉区
5418,牧野区
5419,新乡县
5420,获嘉县
5421,原阳县
5422,延津县
5423,封丘县
5424,长垣县
5425,卫辉市
5426,辉县市
5427,解放区
5428,中站区
5429,马村区
5430,山阳区
5431,修武县
5432,博爱县
5433,武陟县
5434,温　县
5435,沁阳市
5436,孟州市
5437,华龙区
5438,清丰县
5439,南乐县
5440,范　县
5441,台前县
5442,濮阳县
5443,魏都区
5444,许昌县
5445,鄢陵县
5446,襄城县
5447,禹州市
5448,长葛市
5449,源汇区
5450,郾城区
5451,召陵区
5452,舞阳县
5453,临颍县
5454,湖滨区
5455,渑池县
5456,陕　县
5457,卢氏县
5458,义马市
5459,灵宝市
5460,宛城区
5461,卧龙区
5462,南召县
5463,方城县
5464,西峡县
5465,镇平县
5466,内乡县
5467,淅川县
5468,社旗县
5469,唐河县
5470,新野县
5471,桐柏县
5472,邓州市
5473,梁园区
5474,睢阳区
5475,民权县
5476,睢　县
5477,宁陵县
5478,柘城县
5479,虞城县
5480,夏邑县
5481,永城市
5482,浉河区
5483,平桥区
5484,罗山县
5485,光山县
5486,新　县
5487,商城县
5488,固始县
5489,潢川县
5490,淮滨县
5491,息　县
5492,川汇区
5493,扶沟县
5494,西华县
5495,商水县
5496,沈丘县
5497,郸城县
5498,淮阳县
5499,太康县
5500,鹿邑县
5501,项城市
5502,驿城区
5503,西平县
5504,上蔡县
5505,平舆县
5506,正阳县
5507,确山县
5508,泌阳县
5509,汝南县
5510,遂平县
5511,新蔡县
5512,江岸区
5513,江汉区
5514,硚口区
5515,汉阳区
5516,武昌区
5517,青山区
5518,洪山区
5519,东西湖区
5520,汉南区
5521,蔡甸区
5522,江夏区
5523,黄陂区
5524,新洲区
5525,黄石港区
5526,西塞山区
5527,下陆区
5528,铁山区
5529,阳新县
5530,大冶市
5531,茅箭区
5532,张湾区
5533,郧　县
5534,郧西县
5535,竹山县
5536,竹溪县
5537,房　县
5538,丹江口市
5539,西陵区
5540,伍家岗区
5541,点军区
5542,猇亭区
5543,夷陵区
5544,远安县
5545,兴山县
5546,秭归县
5547,长阳土家族自治县
5548,五峰土家族自治县
5549,宜都市
5550,当阳市
5551,枝江市
5552,襄城区
5553,樊城区
5554,襄州区
5555,南漳县
5556,谷城县
5557,保康县
5558,老河口市
5559,枣阳市
5560,宜城市
5561,梁子湖区
5562,华容区
5563,鄂城区
5564,东宝区
5565,掇刀区
5566,京山县
5567,沙洋县
5568,钟祥市
5569,孝南区
5570,孝昌县
5571,大悟县
5572,云梦县
5573,应城市
5574,安陆市
5575,汉川市
5576,沙市区
5577,荆州区
5578,公安县
5579,监利县
5580,江陵县
5581,石首市
5582,洪湖市
5583,松滋市
5584,黄州区
5585,团风县
5586,红安县
5587,罗田县
5588,英山县
5589,浠水县
5590,蕲春县
5591,黄梅县
5592,麻城市
5593,武穴市
5594,咸安区
5595,嘉鱼县
5596,通城县
5597,崇阳县
5598,通山县
5599,赤壁市
5600,曾都区
5601,随县
5602,广水市
5603,恩施市
5604,利川市
5605,建始县
5606,巴东县
5607,宣恩县
5608,咸丰县
5609,来凤县
5610,鹤峰县
5611,芙蓉区
5612,天心区
5613,岳麓区
5614,开福区
5615,雨花区
5616,长沙县
5617,望城区
5618,宁乡县
5619,浏阳市
5620,荷塘区
5621,芦淞区
5622,石峰区
5623,天元区
5624,株洲县
5625,攸　县
5626,茶陵县
5627,炎陵县
5628,醴陵市
5629,雨湖区
5630,岳塘区
5631,湘潭县
5632,湘乡市
5633,韶山市
5634,珠晖区
5635,雁峰区
5636,石鼓区
5637,蒸湘区
5638,南岳区
5639,衡阳县
5640,衡南县
5641,衡山县
5642,衡东县
5643,祁东县
5644,耒阳市
5645,常宁市
5646,双清区
5647,大祥区
5648,北塔区
5649,邵东县
5650,新邵县
5651,邵阳县
5652,隆回县
5653,洞口县
5654,绥宁县
5655,新宁县
5656,城步苗族自治县
5657,武冈市
5658,岳阳楼区
5659,云溪区
5660,君山区
5661,岳阳县
5662,华容县
5663,湘阴县
5664,平江县
5665,汨罗市
5666,临湘市
5667,武陵区
5668,鼎城区
5669,安乡县
5670,汉寿县
5671,澧　县
5672,临澧县
5673,桃源县
5674,石门县
5675,津市市
5676,永定区
5677,武陵源区
5678,慈利县
5679,桑植县
5680,资阳区
5681,赫山区
5682,南　县
5683,桃江县
5684,安化县
5685,沅江市
5686,北湖区
5687,苏仙区
5688,桂阳县
5689,宜章县
5690,永兴县
5691,嘉禾县
5692,临武县
5693,汝城县
5694,桂东县
5695,安仁县
5696,资兴市
5697,零陵区
5698,冷水滩区
5699,祁阳县
5700,东安县
5701,双牌县
5702,道　县
5703,江永县
5704,宁远县
5705,蓝山县
5706,新田县
5707,江华瑶族自治县
5708,鹤城区
5709,中方县
5710,沅陵县
5711,辰溪县
5712,溆浦县
5713,会同县
5714,麻阳苗族自治县
5715,新晃侗族自治县
5716,芷江侗族自治县
5717,靖州苗族侗族自治县
5718,通道侗族自治县
5719,洪江市
5720,娄星区
5721,双峰县
5722,新化县
5723,冷水江市
5724,涟源市
5725,吉首市
5726,泸溪县
5727,凤凰县
5728,花垣县
5729,保靖县
5730,古丈县
5731,永顺县
5732,龙山县
5733,荔湾区
5734,越秀区
5735,海珠区
5736,天河区
5737,白云区
5738,黄埔区
5739,番禺区
5740,花都区
5741,南沙区
5742,萝岗区
5743,增城市
5744,从化市
5745,武江区
5746,浈江区
5747,曲江区
5748,始兴县
5749,仁化县
5750,翁源县
5751,乳源瑶族自治县
5752,新丰县
5753,乐昌市
5754,南雄市
5755,罗湖区
5756,福田区
5757,南山区
5758,宝安区
5759,龙岗区
5760,盐田区
5761,香洲区
5762,斗门区
5763,金湾区
5764,龙湖区
5765,金平区
5766,濠江区
5767,潮阳区
5768,潮南区
5769,澄海区
5770,南澳县
5771,禅城区
5772,南海区
5773,顺德区
5774,三水区
5775,高明区
5776,蓬江区
5777,江海区
5778,新会区
5779,台山市
5780,开平市
5781,鹤山市
5782,恩平市
5783,赤坎区
5784,霞山区
5785,坡头区
5786,麻章区
5787,遂溪县
5788,徐闻县
5789,廉江市
5790,雷州市
5791,吴川市
5792,茂南区
5793,茂港区
5794,电白县
5795,高州市
5796,化州市
5797,信宜市
5798,端州区
5799,鼎湖区
5800,广宁县
5801,怀集县
5802,封开县
5803,德庆县
5804,高要市
5805,四会市
5806,惠城区
5807,惠阳区
5808,博罗县
5809,惠东县
5810,龙门县
5811,梅江区
5812,梅　县
5813,大埔县
5814,丰顺县
5815,五华县
5816,平远县
5817,蕉岭县
5818,兴宁市
5819,城　区
5820,海丰县
5821,陆河县
5822,陆丰市
5823,源城区
5824,紫金县
5825,龙川县
5826,连平县
5827,和平县
5828,东源县
5829,江城区
5830,阳西县
5831,阳东县
5832,阳春市
5833,清城区
5834,佛冈县
5835,阳山县
5836,连山壮族瑶族自治县
5837,连南瑶族自治县
5838,清新县
5839,英德市
5840,连州市
5841,东莞市
5842,中山市
5843,湘桥区
5844,潮安县
5845,饶平县
5846,榕城区
5847,揭东县
5848,揭西县
5849,惠来县
5850,普宁市
5851,云城区
5852,新兴县
5853,郁南县
5854,云安县
5855,罗定市
5856,兴宁区
5857,青秀区
5858,江南区
5859,西乡塘区
5860,良庆区
5861,邕宁区
5862,武鸣县
5863,隆安县
5864,马山县
5865,上林县
5866,宾阳县
5867,横　县
5868,城中区
5869,鱼峰区
5870,柳南区
5871,柳北区
5872,柳江县
5873,柳城县
5874,鹿寨县
5875,融安县
5876,融水苗族自治县
5877,三江侗族自治县
5878,秀峰区
5879,叠彩区
5880,象山区
5881,七星区
5882,雁山区
5883,阳朔县
5884,临桂县
5885,灵川县
5886,全州县
5887,兴安县
5888,永福县
5889,灌阳县
5890,龙胜各族自治县
5891,资源县
5892,平乐县
5893,荔浦县
5894,恭城瑶族自治县
5895,万秀区
5896,蝶山区
5897,长洲区
5898,苍梧县
5899,藤　县
5900,蒙山县
5901,岑溪市
5902,海城区
5903,银海区
5904,铁山港区
5905,合浦县
5906,港口区
5907,防城区
5908,上思县
5909,东兴市
5910,钦南区
5911,钦北区
5912,灵山县
5913,浦北县
5914,港北区
5915,港南区
5916,覃塘区
5917,平南县
5918,桂平市
5919,玉州区
5920,容　县
5921,陆川县
5922,博白县
5923,兴业县
5924,北流市
5925,右江区
5926,田阳县
5927,田东县
5928,平果县
5929,德保县
5930,靖西县
5931,那坡县
5932,凌云县
5933,乐业县
5934,田林县
5935,西林县
5936,隆林各族自治县
5937,八步区
5938,昭平县
5939,钟山县
5940,富川瑶族自治县
5941,金城江区
5942,南丹县
5943,天峨县
5944,凤山县
5945,东兰县
5946,罗城仫佬族自治县
5947,环江毛南族自治县
5948,巴马瑶族自治县
5949,都安瑶族自治县
5950,大化瑶族自治县
5951,宜州市
5952,兴宾区
5953,忻城县
5954,象州县
5955,武宣县
5956,金秀瑶族自治县
5957,合山市
5958,江洲区
5959,扶绥县
5960,宁明县
5961,龙州县
5962,大新县
5963,天等县
5964,凭祥市
5965,秀英区
5966,龙华区
5967,琼山区
5968,美兰区
5969,锦江区
5970,青羊区
5971,金牛区
5972,武侯区
5973,成华区
5974,龙泉驿区
5975,青白江区
5976,新都区
5977,温江区
5978,金堂县
5979,双流县
5980,郫　县
5981,大邑县
5982,蒲江县
5983,新津县
5984,都江堰市
5985,彭州市
5986,邛崃市
5987,崇州市
5988,自流井区
5989,贡井区
5990,大安区
5991,沿滩区
5992,荣　县
5993,富顺县
5994,东　区
5995,西　区
5996,仁和区
5997,米易县
5998,盐边县
5999,江阳区
6000,纳溪区
6001,龙马潭区
6002,泸　县
6003,合江县
6004,叙永县
6005,古蔺县
6006,旌阳区
6007,中江县
6008,罗江县
6009,广汉市
6010,什邡市
6011,绵竹市
6012,涪城区
6013,游仙区
6014,三台县
6015,盐亭县
6016,安　县
6017,梓潼县
6018,北川羌族自治县
6019,平武县
6020,江油市
6021,市中区
6022,元坝区
6023,朝天区
6024,旺苍县
6025,青川县
6026,剑阁县
6027,苍溪县
6028,船山区
6029,安居区
6030,蓬溪县
6031,射洪县
6032,大英县
6033,市中区
6034,东兴区
6035,威远县
6036,资中县
6037,隆昌县
6038,市中区
6039,沙湾区
6040,五通桥区
6041,金口河区
6042,犍为县
6043,井研县
6044,夹江县
6045,沐川县
6046,峨边彝族自治县
6047,马边彝族自治县
6048,峨眉山市
6049,顺庆区
6050,高坪区
6051,嘉陵区
6052,南部县
6053,营山县
6054,蓬安县
6055,仪陇县
6056,西充县
6057,阆中市
6058,东坡区
6059,仁寿县
6060,彭山县
6061,洪雅县
6062,丹棱县
6063,青神县
6064,翠屏区
6065,宜宾县
6066,南溪县
6067,江安县
6068,长宁县
6069,高　县
6070,珙　县
6071,筠连县
6072,兴文县
6073,屏山县
6074,广安区
6075,岳池县
6076,武胜县
6077,邻水县
6078,华蓥市
6079,通川区
6080,达　县
6081,宣汉县
6082,开江县
6083,大竹县
6084,渠　县
6085,万源市
6086,雨城区
6087,名山县
6088,荥经县
6089,汉源县
6090,石棉县
6091,天全县
6092,芦山县
6093,宝兴县
6094,巴州区
6095,通江县
6096,南江县
6097,平昌县
6098,雁江区
6099,安岳县
6100,乐至县
6101,简阳市
6102,汶川县
6103,理　县
6104,茂　县
6105,松潘县
6106,九寨沟县
6107,金川县
6108,小金县
6109,黑水县
6110,马尔康县
6111,壤塘县
6112,阿坝县
6113,若尔盖县
6114,红原县
6115,康定县
6116,泸定县
6117,丹巴县
6118,九龙县
6119,雅江县
6120,道孚县
6121,炉霍县
6122,甘孜县
6123,新龙县
6124,德格县
6125,白玉县
6126,石渠县
6127,色达县
6128,理塘县
6129,巴塘县
6130,乡城县
6131,稻城县
6132,得荣县
6133,西昌市
6134,木里藏族自治县
6135,盐源县
6136,德昌县
6137,会理县
6138,会东县
6139,宁南县
6140,普格县
6141,布拖县
6142,金阳县
6143,昭觉县
6144,喜德县
6145,冕宁县
6146,越西县
6147,甘洛县
6148,美姑县
6149,雷波县
6150,南明区
6151,云岩区
6152,花溪区
6153,乌当区
6154,白云区
6155,小河区
6156,开阳县
6157,息烽县
6158,修文县
6159,清镇市
6160,钟山区
6161,六枝特区
6162,水城县
6163,盘　县
6164,红花岗区
6165,汇川区
6166,遵义县
6167,桐梓县
6168,绥阳县
6169,正安县
6170,道真仡佬族苗族自治县
6171,务川仡佬族苗族自治县
6172,凤冈县
6173,湄潭县
6174,余庆县
6175,习水县
6176,赤水市
6177,仁怀市
6178,西秀区
6179,平坝县
6180,普定县
6181,镇宁布依族苗族自治县
6182,关岭布依族苗族自治县
6183,紫云苗族布依族自治县
6184,铜仁市
6185,江口县
6186,玉屏侗族自治县
6187,石阡县
6188,思南县
6189,印江土家族苗族自治县
6190,德江县
6191,沿河土家族自治县
6192,松桃苗族自治县
6193,万山特区
6194,兴义市
6195,兴仁县
6196,普安县
6197,晴隆县
6198,贞丰县
6199,望谟县
6200,册亨县
6201,安龙县
6202,毕节市
6203,大方县
6204,黔西县
6205,金沙县
6206,织金县
6207,纳雍县
6208,威宁彝族回族苗族自治县
6209,赫章县
6210,凯里市
6211,黄平县
6212,施秉县
6213,三穗县
6214,镇远县
6215,岑巩县
6216,天柱县
6217,锦屏县
6218,剑河县
6219,台江县
6220,黎平县
6221,榕江县
6222,从江县
6223,雷山县
6224,麻江县
6225,丹寨县
6226,都匀市
6227,福泉市
6228,荔波县
6229,贵定县
6230,瓮安县
6231,独山县
6232,平塘县
6233,罗甸县
6234,长顺县
6235,龙里县
6236,惠水县
6237,三都水族自治县
6238,五华区
6239,盘龙区
6240,官渡区
6241,西山区
6242,东川区
6243,呈贡县
6244,晋宁县
6245,富民县
6246,宜良县
6247,石林彝族自治县
6248,嵩明县
6249,禄劝彝族苗族自治县
6250,寻甸回族彝族自治县
6251,安宁市
6252,麒麟区
6253,马龙县
6254,陆良县
6255,师宗县
6256,罗平县
6257,富源县
6258,会泽县
6259,沾益县
6260,宣威市
6261,红塔区
6262,江川县
6263,澄江县
6264,通海县
6265,华宁县
6266,易门县
6267,峨山彝族自治县
6268,新平彝族傣族自治县
6269,元江哈尼族彝族傣族自治县
6270,隆阳区
6271,施甸县
6272,腾冲县
6273,龙陵县
6274,昌宁县
6275,昭阳区
6276,鲁甸县
6277,巧家县
6278,盐津县
6279,大关县
6280,永善县
6281,绥江县
6282,镇雄县
6283,彝良县
6284,威信县
6285,水富县
6286,古城区
6287,玉龙纳西族自治县
6288,永胜县
6289,华坪县
6290,宁蒗彝族自治县
6291,思茅区
6292,宁洱哈尼族彝族自治县
6293,墨江哈尼族自治县
6294,景东彝族自治县
6295,景谷傣族彝族自治县
6296,镇沅彝族哈尼族拉祜族自治县
6297,江城哈尼族彝族自治县
6298,孟连傣族拉祜族佤族自治县
6299,澜沧拉祜族自治县
6300,西盟佤族自治县
6301,临翔区
6302,凤庆县
6303,云　县
6304,永德县
6305,镇康县
6306,双江拉祜族佤族布朗族傣族自治县
6307,耿马傣族佤族自治县
6308,沧源佤族自治县
6309,楚雄市
6310,双柏县
6311,牟定县
6312,南华县
6313,姚安县
6314,大姚县
6315,永仁县
6316,元谋县
6317,武定县
6318,禄丰县
6319,个旧市
6320,开远市
6321,蒙自县
6322,屏边苗族自治县
6323,建水县
6324,石屏县
6325,弥勒县
6326,泸西县
6327,元阳县
6328,红河县
6329,金平苗族瑶族傣族自治县
6330,绿春县
6331,河口瑶族自治县
6332,文山县
6333,砚山县
6334,西畴县
6335,麻栗坡县
6336,马关县
6337,丘北县
6338,广南县
6339,富宁县
6340,景洪市
6341,勐海县
6342,勐腊县
6343,大理市
6344,漾濞彝族自治县
6345,祥云县
6346,宾川县
6347,弥渡县
6348,南涧彝族自治县
6349,巍山彝族回族自治县
6350,永平县
6351,云龙县
6352,洱源县
6353,剑川县
6354,鹤庆县
6355,瑞丽市
6356,潞西市
6357,梁河县
6358,盈江县
6359,陇川县
6360,泸水县
6361,福贡县
6362,贡山独龙族怒族自治县
6363,兰坪白族普米族自治县
6364,香格里拉县
6365,德钦县
6366,维西傈僳族自治县
6367,城关区
6368,林周县
6369,当雄县
6370,尼木县
6371,曲水县
6372,堆龙德庆县
6373,达孜县
6374,墨竹工卡县
6375,昌都县
6376,江达县
6377,贡觉县
6378,类乌齐县
6379,丁青县
6380,察雅县
6381,八宿县
6382,左贡县
6383,芒康县
6384,洛隆县
6385,边坝县
6386,乃东县
6387,扎囊县
6388,贡嘎县
6389,桑日县
6390,琼结县
6391,曲松县
6392,措美县
6393,洛扎县
6394,加查县
6395,隆子县
6396,错那县
6397,浪卡子县
6398,日喀则市
6399,南木林县
6400,江孜县
6401,定日县
6402,萨迦县
6403,拉孜县
6404,昂仁县
6405,谢通门县
6406,白朗县
6407,仁布县
6408,康马县
6409,定结县
6410,仲巴县
6411,亚东县
6412,吉隆县
6413,聂拉木县
6414,萨嘎县
6415,岗巴县
6416,那曲县
6417,嘉黎县
6418,比如县
6419,聂荣县
6420,安多县
6421,申扎县
6422,索　县
6423,班戈县
6424,巴青县
6425,尼玛县
6426,普兰县
6427,札达县
6428,噶尔县
6429,日土县
6430,革吉县
6431,改则县
6432,措勤县
6433,林芝县
6434,工布江达县
6435,米林县
6436,墨脱县
6437,波密县
6438,察隅县
6439,朗　县
6440,新城区
6441,碑林区
6442,莲湖区
6443,灞桥区
6444,未央区
6445,雁塔区
6446,阎良区
6447,临潼区
6448,长安区
6449,蓝田县
6450,周至县
6451,户　县
6452,高陵县
6453,王益区
6454,印台区
6455,耀州区
6456,宜君县
6457,渭滨区
6458,金台区
6459,陈仓区
6460,凤翔县
6461,岐山县
6462,扶风县
6463,眉　县
6464,陇　县
6465,千阳县
6466,麟游县
6467,凤　县
6468,太白县
6469,秦都区
6470,杨凌区
6471,渭城区
6472,三原县
6473,泾阳县
6474,乾　县
6475,礼泉县
6476,永寿县
6477,彬　县
6478,长武县
6479,旬邑县
6480,淳化县
6481,武功县
6482,兴平市
6483,临渭区
6484,华　县
6485,潼关县
6486,大荔县
6487,合阳县
6488,澄城县
6489,蒲城县
6490,白水县
6491,富平县
6492,韩城市
6493,华阴市
6494,宝塔区
6495,延长县
6496,延川县
6497,子长县
6498,安塞县
6499,志丹县
6500,吴起县
6501,甘泉县
6502,富　县
6503,洛川县
6504,宜川县
6505,黄龙县
6506,黄陵县
6507,汉台区
6508,南郑县
6509,城固县
6510,洋　县
6511,西乡县
6512,勉　县
6513,宁强县
6514,略阳县
6515,镇巴县
6516,留坝县
6517,佛坪县
6518,榆阳区
6519,神木县
6520,府谷县
6521,横山县
6522,靖边县
6523,定边县
6524,绥德县
6525,米脂县
6526,佳　县
6527,吴堡县
6528,清涧县
6529,子洲县
6530,汉滨区
6531,汉阴县
6532,石泉县
6533,宁陕县
6534,紫阳县
6535,岚皋县
6536,平利县
6537,镇坪县
6538,旬阳县
6539,白河县
6540,商州区
6541,洛南县
6542,丹凤县
6543,商南县
6544,山阳县
6545,镇安县
6546,柞水县
6547,城关区
6548,七里河区
6549,西固区
6550,安宁区
6551,红古区
6552,永登县
6553,皋兰县
6554,榆中县
6555,嘉峪关市
6556,金川区
6557,永昌县
6558,白银区
6559,平川区
6560,靖远县
6561,会宁县
6562,景泰县
6563,秦州区
6564,麦积区
6565,清水县
6566,秦安县
6567,甘谷县
6568,武山县
6569,张家川回族自治县
6570,凉州区
6571,民勤县
6572,古浪县
6573,天祝藏族自治县
6574,甘州区
6575,肃南裕固族自治县
6576,民乐县
6577,临泽县
6578,高台县
6579,山丹县
6580,崆峒区
6581,泾川县
6582,灵台县
6583,崇信县
6584,华亭县
6585,庄浪县
6586,静宁县
6587,肃州区
6588,金塔县
6589,瓜州县
6590,肃北蒙古族自治县
6591,阿克塞哈萨克族自治县
6592,玉门市
6593,敦煌市
6594,西峰区
6595,庆城县
6596,环　县
6597,华池县
6598,合水县
6599,正宁县
6600,宁　县
6601,镇原县
6602,安定区
6603,通渭县
6604,陇西县
6605,渭源县
6606,临洮县
6607,漳　县
6608,岷　县
6609,武都区
6610,成　县
6611,文　县
6612,宕昌县
6613,康　县
6614,西和县
6615,礼　县
6616,徽　县
6617,两当县
6618,临夏市
6619,临夏县
6620,康乐县
6621,永靖县
6622,广河县
6623,和政县
6624,东乡族自治县
6625,积石山保安族东乡族撒拉族自治县
6626,合作市
6627,临潭县
6628,卓尼县
6629,舟曲县
6630,迭部县
6631,玛曲县
6632,碌曲县
6633,夏河县
6634,城东区
6635,城中区
6636,城西区
6637,城北区
6638,大通回族土族自治县
6639,湟中县
6640,湟源县
6641,平安县
6642,民和回族土族自治县
6643,乐都县
6644,互助土族自治县
6645,化隆回族自治县
6646,循化撒拉族自治县
6647,门源回族自治县
6648,祁连县
6649,海晏县
6650,刚察县
6651,同仁县
6652,尖扎县
6653,泽库县
6654,河南蒙古族自治县
6655,共和县
6656,同德县
6657,贵德县
6658,兴海县
6659,贵南县
6660,玛沁县
6661,班玛县
6662,甘德县
6663,达日县
6664,久治县
6665,玛多县
6666,玉树县
6667,杂多县
6668,称多县
6669,治多县
6670,囊谦县
6671,曲麻莱县
6672,格尔木市
6673,德令哈市
6674,乌兰县
6675,都兰县
6676,天峻县
6677,兴庆区
6678,西夏区
6679,金凤区
6680,永宁县
6681,贺兰县
6682,灵武市
6683,大武口区
6684,惠农区
6685,平罗县
6686,利通区
6687,红寺堡区
6688,盐池县
6689,同心县
6690,青铜峡市
6691,原州区
6692,西吉县
6693,隆德县
6694,泾源县
6695,彭阳县
6696,沙坡头区
6697,中宁县
6698,海原县
6699,天山区
6700,沙依巴克区
6701,新市区
6702,水磨沟区
6703,头屯河区
6704,达坂城区
6705,米东区
6706,乌鲁木齐县
6707,独山子区
6708,克拉玛依区
6709,白碱滩区
6710,乌尔禾区
6711,吐鲁番市
6712,鄯善县
6713,托克逊县
6714,哈密市
6715,巴里坤哈萨克自治县
6716,伊吾县
6717,昌吉市
6718,阜康市
6719,呼图壁县
6720,玛纳斯县
6721,奇台县
6722,吉木萨尔县
6723,木垒哈萨克自治县
6724,博乐市
6725,精河县
6726,温泉县
6727,库尔勒市
6728,轮台县
6729,尉犁县
6730,若羌县
6731,且末县
6732,焉耆回族自治县
6733,和静县
6734,和硕县
6735,博湖县
6736,阿克苏市
6737,温宿县
6738,库车县
6739,沙雅县
6740,新和县
6741,拜城县
6742,乌什县
6743,阿瓦提县
6744,柯坪县
6745,阿图什市
6746,阿克陶县
6747,阿合奇县
6748,乌恰县
6749,喀什市
6750,疏附县
6751,疏勒县
6752,英吉沙县
6753,泽普县
6754,莎车县
6755,叶城县
6756,麦盖提县
6757,岳普湖县
6758,伽师县
6759,巴楚县
6760,塔什库尔干塔吉克自治县
6761,和田市
6762,和田县
6763,墨玉县
6764,皮山县
6765,洛浦县
6766,策勒县
6767,于田县
6768,民丰县
6769,伊宁市
6770,奎屯市
6771,伊宁县
6772,察布查尔锡伯自治县
6773,霍城县
6774,巩留县
6775,新源县
6776,昭苏县
6777,特克斯县
6778,尼勒克县
6779,塔城市
6780,乌苏市
6781,额敏县
6782,沙湾县
6783,托里县
6784,裕民县
6785,和布克赛尔蒙古自治县
6786,阿勒泰市
6787,布尔津县
6788,富蕴县
6789,福海县
6790,哈巴河县
6791,青河县
6792,吉木乃县
6793,北部地区
6794,南澳大利亚
6795,西澳大利亚
6796,堪培拉
6797,新南威尔士
6798,昆士兰
6799,塔斯马尼亚
6800,维多利亚
6801,北京
6802,天津
6803,河北
6804,山西
6805,内蒙古
6806,辽宁
6807,吉林
6808,黑龙江
6809,上海
6810,江苏
6811,浙江
6812,安徽
6813,福建
6814,江西
6815,山东
6816,河南
6817,湖北
6818,湖南
6819,广东
6820,广西
6821,海南
6822,重庆
6823,四川
6824,贵州
6825,云南
6826,西藏
6827,陕西
6828,甘肃
6829,青海
6830,宁夏
6831,新疆
6832,台湾
6833,香港
6834,澳门
6835,英格兰
6836,北爱尔兰
6837,苏格兰
6838,威尔士
6839,首尔
6840,釜山
6841,大邱
6842,仁川
6843,光州
6844,大田
6845,蔚山
6846,济州特别自治道
6847,江原道
6848,庆尚北道
6849,庆尚南道
6850,忠清北道
6851,忠清南道
6852,全罗北道
6853,全罗南道
6854,京畿道
6855,柔佛
6856,吉打
6857,吉隆坡
6858,吉兰丹
6859,纳闽
6860,马六甲
6861,森美兰
6862,彭亨
6863,槟榔屿
6864,霹雳
6865,玻璃市
6866,沙巴
6867,雪兰莪
6868,沙捞越
6869,丁加奴
6870,阿拉斯加
6871,阿拉巴马
6872,阿肯色
6873,亚利桑那
6874,加利福尼亚
6875,科罗拉多
6876,康涅狄格
6877,哥伦比亚特区
6878,特拉华
6879,佛罗里达
6880,佐治亚
6881,夏威夷
6882,爱荷华
6883,爱达荷
6884,伊利诺斯
6885,印第安那
6886,堪萨斯
6887,肯塔基
6888,路易斯安那
6889,马萨诸塞
6890,马里兰
6891,缅因
6892,密歇根
6893,明尼苏达
6894,密苏里
6895,密西西比
6896,蒙大拿
6897,北卡罗来纳
6898,北达科他
6899,内布拉斯加
6900,新罕布什尔
6901,新泽西
6902,新墨西哥
6903,内华达
6904,纽约
6905,俄亥俄
6906,俄克拉荷马
6907,俄勒冈
6908,宾夕法尼亚
6909,罗德岛
6910,南卡罗来纳
6911,南达科他
6912,田纳西
6913,德克萨斯
6914,犹他
6915,维吉尼亚
6916,佛蒙特
6917,华盛顿
6918,威斯康星
6919,西佛吉尼亚
6920,怀俄明
6921,波多黎各
6922,维尔京群岛
