domain	utterance	semantic_parse
weather	Is there rain in the forecast this week	[IN:GET_WEATHER Is there [SL:WEATHER_ATTRIBUTE rain ] in the forecast [SL:DATE_TIME this week ] ]
weather	what's the weather going to be doing at the weekend?	[IN:GET_WEATHER what 's the weather going to be doing [SL:DATE_TIME at the weekend ] ? ]
weather	Will there be thunder today	[IN:GET_WEATHER Will there be [SL:WEATHER_ATTRIBUTE thunder ] [SL:DATE_TIME today ] ]
weather	Is it beach weather this weekend?	[IN:GET_WEATHER Is it [SL:LOCATION beach ] weather [SL:DATE_TIME this weekend ] ? ]
weather	Is it raining in Dorchester?	[IN:GET_WEATHER Is it [SL:WEATHER_ATTRIBUTE raining ] in [SL:LOCATION Dorchester ] ? ]
weather	Should I wear a coat tonight?	[IN:GET_WEATHER Should I wear a [SL:WEATHER_ATTRIBUTE coat ] [SL:DATE_TIME tonight ] ? ]
weather	How hot will it be this afternoon	[IN:GET_WEATHER How [SL:WEATHER_ATTRIBUTE hot ] will it be [SL:DATE_TIME this afternoon ] ]
weather	What's the weather supposed to be like next week?	[IN:GET_WEATHER What 's the weather supposed to be like [SL:DATE_TIME next week ] ? ]
weather	Will the UV index require the application of sunscreen today?	[IN:UNSUPPORTED_WEATHER Will the UV index require the application of sunscreen today ? ]
weather	What's the weather forecast for this weekend	[IN:GET_WEATHER What 's the weather forecast [SL:DATE_TIME for this weekend ] ]
weather	is there hail with this storm	[IN:GET_WEATHER is there [SL:WEATHER_ATTRIBUTE hail ] with this [SL:WEATHER_ATTRIBUTE storm ] ]
weather	Is there a tornado warning	[IN:GET_WEATHER Is there a tornado warning ]
weather	Is it going to snow today?	[IN:GET_WEATHER Is it going to [SL:WEATHER_ATTRIBUTE snow ] [SL:DATE_TIME today ] ? ]
weather	What is the temperature in Denver?	[IN:GET_WEATHER What is the temperature in [SL:LOCATION Denver ] ? ]
weather	is it going to snow in ohio this weekend	[IN:GET_WEATHER is it going to [SL:WEATHER_ATTRIBUTE snow ] in [SL:LOCATION ohio ] [SL:DATE_TIME this weekend ] ]
weather	Weather at 3pm in Mexico City	[IN:GET_WEATHER Weather [SL:DATE_TIME at 3 pm ] in [SL:LOCATION Mexico City ] ]
weather	What is the weather in Baltimore today	[IN:GET_WEATHER What is the weather in [SL:LOCATION Baltimore ] [SL:DATE_TIME today ] ]
weather	will it rain in harlingen today	[IN:GET_WEATHER will it [SL:WEATHER_ATTRIBUTE rain ] in [SL:LOCATION harlingen ] [SL:DATE_TIME today ] ]
weather	Tell me the weather conditions for New Zealand	[IN:GET_WEATHER Tell me the weather conditions for [SL:LOCATION New Zealand ] ]
weather	Is it going to frost tonight	[IN:GET_WEATHER Is it going to [SL:WEATHER_ATTRIBUTE frost ] [SL:DATE_TIME tonight ] ]
weather	Are we getting a snowstorm this week?	[IN:GET_WEATHER Are we getting a [SL:WEATHER_ATTRIBUTE snowstorm ] [SL:DATE_TIME this week ] ? ]
weather	What sort of weather will be happening in Thailand during July?	[IN:GET_WEATHER What sort of weather will be happening in [SL:LOCATION Thailand ] [SL:DATE_TIME during July ] ? ]
weather	How hot will it be in Los Angeles, CA today?	[IN:GET_WEATHER How [SL:WEATHER_ATTRIBUTE hot ] will it be in [SL:LOCATION Los Angeles , CA ] [SL:DATE_TIME today ] ? ]
weather	I'd like to know the weather for the 7th of July.	[IN:GET_WEATHER I'd like to know the weather [SL:DATE_TIME for the 7th of July ] . ]
weather	What was the temperature this day last year	[IN:UNSUPPORTED_WEATHER What was the temperature [SL:DATE_TIME this day last year ] ]
weather	How hot is it in south Africa today?	[IN:GET_WEATHER How [SL:WEATHER_ATTRIBUTE hot ] is it in [SL:LOCATION south Africa ] [SL:DATE_TIME today ] ? ]
weather	What's the weather this weekend?	[IN:GET_WEATHER What 's the weather [SL:DATE_TIME this weekend ] ? ]
weather	forecast for 6 am	[IN:GET_WEATHER forecast [SL:DATE_TIME for 6 am ] ]
weather	Is it going to be below 1 degrees c out there today	[IN:GET_WEATHER Is it going to be [SL:WEATHER_ATTRIBUTE below ] [SL:WEATHER_ATTRIBUTE 1 ] degrees [SL:WEATHER_TEMPERATURE_UNIT c ] [SL:LOCATION out there ] [SL:DATE_TIME today ] ]
weather	why are storm clouds black	[IN:UNSUPPORTED_WEATHER why are [SL:WEATHER_ATTRIBUTE storm ] [SL:WEATHER_ATTRIBUTE clouds ] black ]
weather	Show me the weather in 13 November at 7am	[IN:GET_WEATHER Show me the weather [SL:DATE_TIME in 13 November at 7 am ] ]
weather	Should I wear a jacket tonight	[IN:GET_WEATHER Should I wear a [SL:WEATHER_ATTRIBUTE jacket ] [SL:DATE_TIME tonight ] ]
weather	how hot is it going to be this weekend?	[IN:GET_WEATHER how [SL:WEATHER_ATTRIBUTE hot ] is it going to be [SL:DATE_TIME this weekend ] ? ]
weather	when will we have snow	[IN:GET_WEATHER when will we have [SL:WEATHER_ATTRIBUTE snow ] ]
weather	What's happening with the weather today?	[IN:GET_WEATHER What 's happening with the weather [SL:DATE_TIME today ] ? ]
weather	What will the weather be like in Cancun Mexico today?	[IN:GET_WEATHER What will the weather be like in [SL:LOCATION Cancun Mexico ] [SL:DATE_TIME today ] ? ]
weather	What time of day will the weather be the coolest?	[IN:GET_WEATHER What time of day will the weather be the [SL:WEATHER_ATTRIBUTE coolest ] ? ]
weather	What is the humidity percentage for today	[IN:GET_WEATHER What is the [SL:WEATHER_ATTRIBUTE humidity ] percentage [SL:DATE_TIME for today ] ]
weather	what is the weather like	[IN:GET_WEATHER what is the weather like ]
weather	Is it going to snow tomorrow morning?	[IN:GET_WEATHER Is it going to [SL:WEATHER_ATTRIBUTE snow ] [SL:DATE_TIME tomorrow morning ] ? ]
weather	When is the last time it snowed in Texas	[IN:UNSUPPORTED_WEATHER When is the last time it [SL:WEATHER_ATTRIBUTE snowed ] in [SL:LOCATION Texas ] ]
weather	What was the wind speed of the tornado in Kansas	[IN:GET_WEATHER What was the [SL:WEATHER_ATTRIBUTE wind speed ] of the [SL:WEATHER_ATTRIBUTE tornado ] in [SL:LOCATION Kansas ] ]
weather	What is the low temp supposed to be tonight?	[IN:GET_WEATHER What is the low temp supposed to be [SL:DATE_TIME tonight ] ? ]
weather	how much rain did we get yesterday	[IN:GET_WEATHER how much [SL:WEATHER_ATTRIBUTE rain ] did we get [SL:DATE_TIME yesterday ] ]
weather	What's the weather in Tampa next weekend?	[IN:GET_WEATHER What 's the weather in [SL:LOCATION Tampa ] [SL:DATE_TIME next weekend ] ? ]
weather	what is the weather today?	[IN:GET_WEATHER what is the weather [SL:DATE_TIME today ] ? ]
weather	Does the weather forecast show it's going to be cold today?	[IN:GET_WEATHER Does the weather forecast show it 's going to be [SL:WEATHER_ATTRIBUTE cold ] [SL:DATE_TIME today ] ? ]
weather	How hot is it going to be today?	[IN:GET_WEATHER How [SL:WEATHER_ATTRIBUTE hot ] is it going to be [SL:DATE_TIME today ] ? ]
weather	What's the weather like tomorrow?	[IN:GET_WEATHER What 's the weather like [SL:DATE_TIME tomorrow ] ? ]
weather	what will be the temperature tomorrow at 6 am	[IN:GET_WEATHER what will be the temperature [SL:DATE_TIME tomorrow at 6 am ] ]
weather	How hot is it next week dublin in degrees C	[IN:GET_WEATHER How [SL:WEATHER_ATTRIBUTE hot ] is it [SL:DATE_TIME next week ] [SL:LOCATION dublin ] in degrees [SL:WEATHER_TEMPERATURE_UNIT C ] ]
weather	Is there really a chance for snow?	[IN:GET_WEATHER Is there really a chance for [SL:WEATHER_ATTRIBUTE snow ] ? ]
weather	Is it going to rain?	[IN:GET_WEATHER Is it going to [SL:WEATHER_ATTRIBUTE rain ] ? ]
weather	Temperature next week out there Celcius	[IN:GET_WEATHER Temperature [SL:DATE_TIME next week ] [SL:LOCATION out there ] [SL:WEATHER_TEMPERATURE_UNIT Celcius ] ]
weather	Are we still under drought conditions?	[IN:GET_WEATHER Are we still under [SL:WEATHER_ATTRIBUTE drought ] conditions ? ]
weather	do I need a jacket	[IN:GET_WEATHER do I need a [SL:WEATHER_ATTRIBUTE jacket ] ]
weather	How's the weather going to be at 11am?	[IN:GET_WEATHER How 's the weather going to be [SL:DATE_TIME at 11 am ] ? ]
weather	how hot can it be today	[IN:GET_WEATHER how [SL:WEATHER_ATTRIBUTE hot ] can it be [SL:DATE_TIME today ] ]
weather	Will it rain today at 4:30pm?	[IN:GET_WEATHER Will it [SL:WEATHER_ATTRIBUTE rain ] [SL:DATE_TIME today at 4 : 30 pm ] ? ]
weather	Is it warm in Paris right now?	[IN:GET_WEATHER Is it [SL:WEATHER_ATTRIBUTE warm ] in [SL:LOCATION Paris ] right now ? ]
weather	What time is the sun supposed to rise today	[IN:GET_SUNRISE What time is the sun supposed to rise [SL:DATE_TIME today ] ]
weather	What is the weather going to be like this week at Miami beach?	[IN:GET_WEATHER What is the weather going to be like [SL:DATE_TIME this week ] at [SL:LOCATION Miami beach ] ? ]
weather	Is there any chance of a blizzard in Chicago tomorrow?	[IN:GET_WEATHER Is there any chance of a [SL:WEATHER_ATTRIBUTE blizzard ] in [SL:LOCATION Chicago ] [SL:DATE_TIME tomorrow ] ? ]
weather	when will it rain today	[IN:GET_WEATHER when will it [SL:WEATHER_ATTRIBUTE rain ] [SL:DATE_TIME today ] ]
weather	Do I need an umbrella?	[IN:GET_WEATHER Do I need an [SL:WEATHER_ATTRIBUTE umbrella ] ? ]
weather	Will it be above 58 in Celcius for San Francisco tonight	[IN:GET_WEATHER Will it be [SL:WEATHER_ATTRIBUTE above ] [SL:WEATHER_ATTRIBUTE 58 ] in [SL:WEATHER_TEMPERATURE_UNIT Celcius ] for [SL:LOCATION San Francisco ] [SL:DATE_TIME tonight ] ]
weather	Will we have more than a inch of rain today?	[IN:GET_WEATHER Will we have more than a inch of [SL:WEATHER_ATTRIBUTE rain ] [SL:DATE_TIME today ] ? ]
weather	what is the high for monday next week?	[IN:GET_WEATHER what is the high [SL:DATE_TIME for monday next week ] ? ]
weather	is it storming?	[IN:GET_WEATHER is it [SL:WEATHER_ATTRIBUTE storming ] ? ]
weather	Is it below 26 in degree C menlo park tomorrow morning	[IN:GET_WEATHER Is it [SL:WEATHER_ATTRIBUTE below ] [SL:WEATHER_ATTRIBUTE 26 ] in degree [SL:WEATHER_TEMPERATURE_UNIT C ] [SL:LOCATION menlo park ] [SL:DATE_TIME tomorrow morning ] ]
weather	Do I need my rain jacket this morning?	[IN:GET_WEATHER Do I need my [SL:WEATHER_ATTRIBUTE rain jacket ] [SL:DATE_TIME this morning ] ? ]
weather	what time does the sun set in Cape Cod	[IN:GET_SUNSET what time does the sun set in [SL:LOCATION Cape Cod ] ]
weather	Is it going to be above 4 degree C inside this weekend	[IN:GET_WEATHER Is it going to be [SL:WEATHER_ATTRIBUTE above ] [SL:WEATHER_ATTRIBUTE 4 ] degree [SL:WEATHER_TEMPERATURE_UNIT C ] [SL:LOCATION inside ] [SL:DATE_TIME this weekend ] ]
weather	What are the conditions like for skiing at Sugar Mountain resort	[IN:UNSUPPORTED_WEATHER What are the conditions like for skiing at Sugar Mountain resort ]
weather	Is North and South Vietnam the same temperature today?	[IN:GET_WEATHER Is [SL:LOCATION North ] and [SL:LOCATION South Vietnam ] the same temperature [SL:DATE_TIME today ] ? ]
weather	How will the weather be in Rotherham today?	[IN:GET_WEATHER How will the weather be in [SL:LOCATION Rotherham ] [SL:DATE_TIME today ] ? ]
weather	will the weather permit to travel to Texas next weekend	[IN:GET_WEATHER will the weather permit to travel to [SL:LOCATION Texas ] [SL:DATE_TIME next weekend ] ]
weather	will it be hot in birmingham this weekend	[IN:GET_WEATHER will it be [SL:WEATHER_ATTRIBUTE hot ] in [SL:LOCATION birmingham ] [SL:DATE_TIME this weekend ] ]
weather	Is it hotter today in Los Angeles or San Diego?	[IN:UNSUPPORTED_WEATHER Is it [SL:WEATHER_ATTRIBUTE hotter ] [SL:DATE_TIME today ] in [SL:LOCATION Los Angeles ] or [SL:LOCATION San Diego ] ? ]
weather	How is the weather in Banat	[IN:GET_WEATHER How is the weather in [SL:LOCATION Banat ] ]
weather	whats the outside temperature right now in colorado springs	[IN:GET_WEATHER whats the outside temperature right now in [SL:LOCATION colorado springs ] ]
weather	How warm is it now in Fahrenheit?	[IN:GET_WEATHER How [SL:WEATHER_ATTRIBUTE warm ] is it now in [SL:WEATHER_TEMPERATURE_UNIT Fahrenheit ] ? ]
weather	Tell me the weather for Miami	[IN:GET_WEATHER Tell me the weather for [SL:LOCATION Miami ] ]
weather	Temperature near Dublin this weekend Fahrenheit	[IN:GET_WEATHER Temperature near [SL:LOCATION Dublin ] [SL:DATE_TIME this weekend ] [SL:WEATHER_TEMPERATURE_UNIT Fahrenheit ] ]
weather	Tell me the weather forecast for North East Scotland.	[IN:GET_WEATHER Tell me the weather forecast for [SL:LOCATION North East Scotland ] . ]
weather	What is the forecast for Tampa?	[IN:GET_WEATHER What is the forecast for [SL:LOCATION Tampa ] ? ]
weather	How warm is in Spain tonight?	[IN:GET_WEATHER How [SL:WEATHER_ATTRIBUTE warm ] is in [SL:LOCATION Spain ] [SL:DATE_TIME tonight ] ? ]
weather	How is the weather in Croatia	[IN:GET_WEATHER How is the weather in [SL:LOCATION Croatia ] ]
weather	How hot is it paris tomorrow morning in degrees F	[IN:GET_WEATHER How [SL:WEATHER_ATTRIBUTE hot ] is it [SL:LOCATION paris ] [SL:DATE_TIME tomorrow morning ] in degrees [SL:WEATHER_TEMPERATURE_UNIT F ] ]
weather	Broadcast the weather details in Canada	[IN:GET_WEATHER Broadcast the weather details in [SL:LOCATION Canada ] ]
weather	when will the hurricane hit Texas	[IN:GET_WEATHER when will the [SL:WEATHER_ATTRIBUTE hurricane ] hit [SL:LOCATION Texas ] ]
weather	What's the weather like in Thailand?	[IN:GET_WEATHER What 's the weather like in [SL:LOCATION Thailand ] ? ]
weather	Temperature around Tokyo tomorrow morning Celsius	[IN:GET_WEATHER Temperature around [SL:LOCATION Tokyo ] [SL:DATE_TIME tomorrow morning ] [SL:WEATHER_TEMPERATURE_UNIT Celsius ] ]
weather	What time is the sunset today?	[IN:GET_SUNSET What time is the sunset [SL:DATE_TIME today ] ? ]
weather	Have there been any earthquakes in California recently	[IN:GET_WEATHER Have there been any [SL:WEATHER_ATTRIBUTE earthquakes ] in [SL:LOCATION California ] [SL:DATE_TIME recently ] ]
weather	Tell me the weather forecast for Spain	[IN:GET_WEATHER Tell me the weather forecast for [SL:LOCATION Spain ] ]
weather	How warm is it boston today in degree f	[IN:GET_WEATHER How [SL:WEATHER_ATTRIBUTE warm ] is it [SL:LOCATION boston ] [SL:DATE_TIME today ] in degree [SL:WEATHER_TEMPERATURE_UNIT f ] ]
weather	Hows the weather in york tomorrow afternoon?	[IN:GET_WEATHER Hows the weather in [SL:LOCATION york ] [SL:DATE_TIME tomorrow afternoon ] ? ]
weather	How cold is it around Seattle tonight in degree C	[IN:GET_WEATHER How [SL:WEATHER_ATTRIBUTE cold ] is it around [SL:LOCATION Seattle ] [SL:DATE_TIME tonight ] in degree [SL:WEATHER_TEMPERATURE_UNIT C ] ]
weather	What time is sundown?	[IN:GET_SUNSET What time is sundown ? ]
weather	Weather by Celsius	[IN:GET_WEATHER Weather by [SL:WEATHER_TEMPERATURE_UNIT Celsius ] ]
weather	can i go for a run this morning	[IN:UNSUPPORTED_WEATHER can i go for a run [SL:DATE_TIME this morning ] ]
weather	What is the dew point?	[IN:UNSUPPORTED_WEATHER What is the [SL:WEATHER_ATTRIBUTE dew point ] ? ]
weather	What is the temperature in Celsius?	[IN:GET_WEATHER What is the temperature in [SL:WEATHER_TEMPERATURE_UNIT Celsius ] ? ]
weather	Is it going to be around 55 degrees Celsius sao paulo tomorrow morning	[IN:GET_WEATHER Is it going to be [SL:WEATHER_ATTRIBUTE around ] [SL:WEATHER_ATTRIBUTE 55 ] degrees [SL:WEATHER_TEMPERATURE_UNIT Celsius ] [SL:LOCATION sao paulo ] [SL:DATE_TIME tomorrow morning ] ]
weather	when's sunrise	[IN:GET_SUNRISE when 's sunrise ]
weather	What time does the sun rise today	[IN:GET_SUNRISE What time does the sun rise [SL:DATE_TIME today ] ]
weather	How warm is it at Sao Paulo degrees Celsius	[IN:GET_WEATHER How [SL:WEATHER_ATTRIBUTE warm ] is it at [SL:LOCATION Sao Paulo ] degrees [SL:WEATHER_TEMPERATURE_UNIT Celsius ] ]
weather	How many tropical storms turn into hurricanes	[IN:UNSUPPORTED_WEATHER How many tropical [SL:WEATHER_ATTRIBUTE storms ] turn into hurricanes ]
weather	Can I go skiing tomorrow?	[IN:UNSUPPORTED_WEATHER Can I go skiing tomorrow ? ]
weather	When does hurricane season start	[IN:UNSUPPORTED_WEATHER When does [SL:WEATHER_ATTRIBUTE hurricane ] season start ]
weather	How warm is it tomorrow morning in degree fahrenheit	[IN:GET_WEATHER How [SL:WEATHER_ATTRIBUTE warm ] is it [SL:DATE_TIME tomorrow morning ] in degree [SL:WEATHER_TEMPERATURE_UNIT fahrenheit ] ]
weather	What's the weather in Celsius degree?	[IN:GET_WEATHER What 's the weather in [SL:WEATHER_TEMPERATURE_UNIT Celsius degree ] ? ]
weather	how many tornadoes have touched down this season	[IN:UNSUPPORTED_WEATHER how many tornadoes have touched down this season ]
weather	what time is the sunset tonight	[IN:GET_SUNSET what time is the sunset [SL:DATE_TIME tonight ] ]
weather	How many hours of sun will we get today?	[IN:UNSUPPORTED_WEATHER How many hours of sun will we get today ? ]
weather	Can you guess the climate for next week here?	[IN:GET_WEATHER Can you guess the climate [SL:DATE_TIME for next week ] [SL:LOCATION [IN:GET_LOCATION [SL:LOCATION_USER here ] ] ] ? ]
weather	Did it snow in New York in February of last year	[IN:UNSUPPORTED_WEATHER Did it [SL:WEATHER_ATTRIBUTE snow ] in New York [SL:DATE_TIME in February ] of [SL:DATE_TIME last year ] ]
weather	when does it start getting dark out	[IN:GET_SUNSET when does it start getting dark out ]
weather	Temperature near New York tomorrow F	[IN:GET_WEATHER Temperature near [SL:LOCATION New York ] [SL:DATE_TIME tomorrow ] [SL:WEATHER_TEMPERATURE_UNIT F ] ]
weather	How warm is it tonight for Beijing in degrees C	[IN:GET_WEATHER How [SL:WEATHER_ATTRIBUTE warm ] is it [SL:DATE_TIME tonight ] for [SL:LOCATION Beijing ] in degrees [SL:WEATHER_TEMPERATURE_UNIT C ] ]
weather	what is the best day for me to go to the beach this week	[IN:UNSUPPORTED_WEATHER what is the best day for me to go to the [SL:LOCATION beach ] [SL:DATE_TIME this week ] ]
weather	when will it be sunset	[IN:GET_SUNSET when will it be sunset ]
weather	what is the record high temp for my area	[IN:UNSUPPORTED_WEATHER what is the record high temp for [SL:LOCATION my area ] ]
weather	How cold is it for London tomorrow degrees Fahrenheit	[IN:GET_WEATHER How [SL:WEATHER_ATTRIBUTE cold ] is it for [SL:LOCATION London ] [SL:DATE_TIME tomorrow ] degrees [SL:WEATHER_TEMPERATURE_UNIT Fahrenheit ] ]
weather	What's the low temp tonight in Celsius	[IN:GET_WEATHER What 's the [SL:WEATHER_ATTRIBUTE low temp ] [SL:DATE_TIME tonight ] in [SL:WEATHER_TEMPERATURE_UNIT Celsius ] ]
weather	When will the first snow fall	[IN:UNSUPPORTED_WEATHER When will the first [SL:WEATHER_ATTRIBUTE snow ] fall ]
weather	When was the last earthquake in my area	[IN:UNSUPPORTED_WEATHER When was the last earthquake in [SL:LOCATION my area ] ]
weather	How hot is it this weekend in Manila in degree F	[IN:GET_WEATHER How [SL:WEATHER_ATTRIBUTE hot ] is it [SL:DATE_TIME this weekend ] in [SL:LOCATION Manila ] in degree [SL:WEATHER_TEMPERATURE_UNIT F ] ]
weather	what is the protocol for stormy weather in schools	[IN:UNSUPPORTED_WEATHER what is the protocol for [SL:WEATHER_ATTRIBUTE stormy ] weather in [SL:LOCATION schools ] ]
weather	How hot is it tomorrow here in degree Celcius	[IN:GET_WEATHER How [SL:WEATHER_ATTRIBUTE hot ] is it [SL:DATE_TIME tomorrow ] [SL:LOCATION here ] in degree [SL:WEATHER_TEMPERATURE_UNIT Celcius ] ]
weather	do you think ill be able to play outside this afternoon	[IN:UNSUPPORTED_WEATHER do you think ill be able to play outside this afternoon ]
weather	What exactly is high pressure? What about low pressure	[IN:UNSUPPORTED_WEATHER What exactly is high pressure ? What about low pressure ]
weather	Will there be a high pollen count today?	[IN:UNSUPPORTED_WEATHER Will there be a [SL:WEATHER_ATTRIBUTE high ] [SL:WEATHER_ATTRIBUTE pollen count ] [SL:DATE_TIME today ] ? ]
weather	Is the temperature expected to exceed 35 degrees Celsius?	[IN:GET_WEATHER Is the temperature expected to exceed [SL:WEATHER_ATTRIBUTE 35 degrees ] [SL:WEATHER_TEMPERATURE_UNIT Celsius ] ? ]
weather	What is the maximum temperature today in celcius?	[IN:GET_WEATHER What is the maximum temperature [SL:DATE_TIME today ] in [SL:WEATHER_TEMPERATURE_UNIT celcius ] ? ]
weather	Temperature today Fahrenheit	[IN:GET_WEATHER Temperature [SL:DATE_TIME today ] [SL:WEATHER_TEMPERATURE_UNIT Fahrenheit ] ]
weather	Is it going to be below 40 degrees celsius in Houston tonight	[IN:GET_WEATHER Is it going to be [SL:WEATHER_ATTRIBUTE below ] [SL:WEATHER_ATTRIBUTE 40 ] degrees [SL:WEATHER_TEMPERATURE_UNIT celsius ] in [SL:LOCATION Houston ] [SL:DATE_TIME tonight ] ]
weather	What time is the sunset today	[IN:GET_SUNSET What time is the sunset [SL:DATE_TIME today ] ]
weather	How cold is it for Mumbai this weekend in degree C	[IN:GET_WEATHER How [SL:WEATHER_ATTRIBUTE cold ] is it for [SL:LOCATION Mumbai ] [SL:DATE_TIME this weekend ] in degree [SL:WEATHER_TEMPERATURE_UNIT C ] ]
weather	How hot is it at Boston tomorrow morning in C	[IN:GET_WEATHER How [SL:WEATHER_ATTRIBUTE hot ] is it at [SL:LOCATION Boston ] [SL:DATE_TIME tomorrow morning ] in [SL:WEATHER_TEMPERATURE_UNIT C ] ]
weather	Temperature shanghai today C	[IN:GET_WEATHER Temperature [SL:LOCATION shanghai ] [SL:DATE_TIME today ] [SL:WEATHER_TEMPERATURE_UNIT C ] ]
weather	How hot it is Celsius?	[IN:GET_WEATHER How [SL:WEATHER_ATTRIBUTE hot ] it is [SL:WEATHER_TEMPERATURE_UNIT Celsius ] ? ]
weather	WHAT TIME IS SUNRISE TOMORROW	[IN:GET_SUNRISE WHAT TIME IS SUNRISE [SL:DATE_TIME TOMORROW ] ]
weather	How hot is it out there tomorrow morning Fahrenheit	[IN:GET_WEATHER How [SL:WEATHER_ATTRIBUTE hot ] is it [SL:LOCATION out there ] [SL:DATE_TIME tomorrow morning ] [SL:WEATHER_TEMPERATURE_UNIT Fahrenheit ] ]
weather	How hot does it get in Rome in March	[IN:UNSUPPORTED_WEATHER How [SL:WEATHER_ATTRIBUTE hot ] does it get in [SL:LOCATION Rome ] [SL:DATE_TIME in March ] ]
weather	Will it be below 83 in degree F at Menlo Park tonight	[IN:GET_WEATHER Will it be [SL:WEATHER_ATTRIBUTE below ] [SL:WEATHER_ATTRIBUTE 83 ] in degree [SL:WEATHER_TEMPERATURE_UNIT F ] at [SL:LOCATION Menlo Park ] [SL:DATE_TIME tonight ] ]
weather	Temperature at Chicago today Celcius	[IN:GET_WEATHER Temperature at [SL:LOCATION Chicago ] [SL:DATE_TIME today ] [SL:WEATHER_TEMPERATURE_UNIT Celcius ] ]
weather	Will it be below 35 in degrees F out there tomorrow	[IN:GET_WEATHER Will it be [SL:WEATHER_ATTRIBUTE below ] [SL:WEATHER_ATTRIBUTE 35 ] in degrees [SL:WEATHER_TEMPERATURE_UNIT F ] [SL:LOCATION out there ] [SL:DATE_TIME tomorrow ] ]
weather	When does fall weather being	[IN:UNSUPPORTED_WEATHER When does fall weather being ]
weather	Temperature out there tonight C	[IN:GET_WEATHER Temperature [SL:LOCATION out there ] [SL:DATE_TIME tonight ] [SL:WEATHER_TEMPERATURE_UNIT C ] ]
weather	How cold is it this weekend london degrees Celsius	[IN:GET_WEATHER How [SL:WEATHER_ATTRIBUTE cold ] is it [SL:DATE_TIME this weekend ] [SL:LOCATION london ] degrees [SL:WEATHER_TEMPERATURE_UNIT Celsius ] ]
weather	Is it going to be below 6 in F manila tomorrow	[IN:GET_WEATHER Is it going to be [SL:WEATHER_ATTRIBUTE below ] [SL:WEATHER_ATTRIBUTE 6 ] in [SL:WEATHER_TEMPERATURE_UNIT F ] [SL:LOCATION manila ] [SL:DATE_TIME tomorrow ] ]
weather	Temperature near Tokyo today F	[IN:GET_WEATHER Temperature near [SL:LOCATION Tokyo ] [SL:DATE_TIME today ] [SL:WEATHER_TEMPERATURE_UNIT F ] ]
weather	How hot is it tonight san francisco in degrees c	[IN:GET_WEATHER How [SL:WEATHER_ATTRIBUTE hot ] is it [SL:DATE_TIME tonight ] [SL:LOCATION san francisco ] in degrees [SL:WEATHER_TEMPERATURE_UNIT c ] ]
weather	What is the hottest temperature reported in the world	[IN:UNSUPPORTED_WEATHER What is the [SL:WEATHER_ATTRIBUTE hottest ] temperature reported in the world ]
weather	Is adam a tropical depression	[IN:UNSUPPORTED_WEATHER Is adam a tropical depression ]
weather	Will it be above 31 in degrees Fahrenheit in London today	[IN:GET_WEATHER Will it be [SL:WEATHER_ATTRIBUTE above ] [SL:WEATHER_ATTRIBUTE 31 ] in degrees [SL:WEATHER_TEMPERATURE_UNIT Fahrenheit ] in [SL:LOCATION London ] [SL:DATE_TIME today ] ]
weather	What's the rainfall measurement in cm?	[IN:UNSUPPORTED_WEATHER What 's the [SL:WEATHER_ATTRIBUTE rainfall ] measurement in cm ? ]
weather	What is a cumulus cloud formation	[IN:UNSUPPORTED_WEATHER What is a cumulus [SL:WEATHER_ATTRIBUTE cloud ] formation ]
weather	Can you check today's temperature in Celsius?	[IN:GET_WEATHER Can you check [SL:DATE_TIME today ] 's temperature in [SL:WEATHER_TEMPERATURE_UNIT Celsius ] ? ]
weather	Temperature at Seattle tomorrow morning F	[IN:GET_WEATHER Temperature at [SL:LOCATION Seattle ] [SL:DATE_TIME tomorrow morning ] [SL:WEATHER_TEMPERATURE_UNIT F ] ]
weather	severe weather alert	[IN:UNSUPPORTED_WEATHER severe weather alert ]
weather	How cold is it mumbai in degrees C	[IN:GET_WEATHER How [SL:WEATHER_ATTRIBUTE cold ] is it [SL:LOCATION mumbai ] in degrees [SL:WEATHER_TEMPERATURE_UNIT C ] ]
weather	Temperature at Seattle Celcius	[IN:GET_WEATHER Temperature at [SL:LOCATION Seattle ] [SL:WEATHER_TEMPERATURE_UNIT Celcius ] ]
weather	What time is the sunset today	[IN:GET_SUNSET What time is the sunset [SL:DATE_TIME today ] ]
weather	what is the dew point?	[IN:UNSUPPORTED_WEATHER what is the [SL:WEATHER_ATTRIBUTE dew point ] ? ]
weather	Temperature in Manila Celsius	[IN:GET_WEATHER Temperature in [SL:LOCATION Manila ] [SL:WEATHER_TEMPERATURE_UNIT Celsius ] ]
weather	What is the temperature right now in Celsius and Fahrenheit?	[IN:GET_WEATHER What is the temperature right now in [SL:WEATHER_TEMPERATURE_UNIT Celsius ] and [SL:WEATHER_TEMPERATURE_UNIT Fahrenheit ] ? ]
weather	Should I take the bus or walk to work tomorrow?	[IN:UNSUPPORTED_WEATHER Should I take the bus or walk to work tomorrow ? ]
weather	what is the average wind speed in central ohio during the fall	[IN:UNSUPPORTED_WEATHER what is the average [SL:WEATHER_ATTRIBUTE wind ] speed in [SL:LOCATION central ohio ] during the fall ]
weather	What time is sunrise tomorrow?	[IN:GET_SUNRISE What time is sunrise [SL:DATE_TIME tomorrow ] ? ]
weather	What time does the sun rise tomorrow morning	[IN:GET_SUNRISE What time does the sun rise [SL:DATE_TIME tomorrow morning ] ]
weather	What time is sunrise tomorrow	[IN:GET_SUNRISE What time is sunrise [SL:DATE_TIME tomorrow ] ]
weather	are the conditions good at robert moses	[IN:UNSUPPORTED_WEATHER are the conditions good at robert moses ]
weather	Is it going to be around 89 in degree C out there	[IN:GET_WEATHER Is it going to be [SL:WEATHER_ATTRIBUTE around ] [SL:WEATHER_ATTRIBUTE 89 ] in degree [SL:WEATHER_TEMPERATURE_UNIT C ] [SL:LOCATION out there ] ]
weather	How much ice accumulation is anticipated	[IN:UNSUPPORTED_WEATHER How much [SL:WEATHER_ATTRIBUTE ice accumulation ] is anticipated ]
weather	what time is sunrise tomorrow	[IN:GET_SUNRISE what time is sunrise [SL:DATE_TIME tomorrow ] ]
weather	When summer days are going to end	[IN:UNSUPPORTED_WEATHER When [SL:DATE_TIME summer ] days are going to end ]
weather	effects of el nino	[IN:UNSUPPORTED_WEATHER effects of el nino ]
weather	How cold will the winter be this year	[IN:UNSUPPORTED_WEATHER How [SL:WEATHER_ATTRIBUTE cold ] will the [SL:DATE_TIME winter ] be [SL:DATE_TIME this year ] ]
weather	ARE WE EXPECTED TO HAVE A HARSH WINTER THIS YEAR	[IN:UNSUPPORTED_WEATHER ARE WE EXPECTED TO HAVE A [SL:WEATHER_ATTRIBUTE HARSH WINTER ] [SL:DATE_TIME THIS YEAR ] ]
weather	Where is it summer all year round	[IN:UNSUPPORTED_WEATHER Where is it [SL:DATE_TIME summer all year ] round ]
weather	What's the hottest day ever recorded	[IN:UNSUPPORTED_WEATHER What 's the [SL:WEATHER_ATTRIBUTE hottest ] day ever recorded ]
weather	Where is the flash flood warning	[IN:UNSUPPORTED_WEATHER Where is the flash flood warning ]
weather	What's the weather like in terms of rain in mm?	[IN:UNSUPPORTED_WEATHER What 's the weather like in terms of [SL:WEATHER_ATTRIBUTE rain ] in mm ? ]
weather	would i be able to go windsurfing today	[IN:UNSUPPORTED_WEATHER would i be able to go windsurfing today ]
weather	When is it winter in Germany	[IN:UNSUPPORTED_WEATHER When is it [SL:DATE_TIME winter ] in [SL:LOCATION Germany ] ]
weather	time until sunset	[IN:GET_SUNSET time until sunset ]
weather	Will I need a jacket for my walk this evening?	[IN:UNSUPPORTED_WEATHER Will I need a jacket for my walk this evening ? ]
weather	Which city had the coldest day in the US in 2016	[IN:UNSUPPORTED_WEATHER Which city had the [SL:WEATHER_ATTRIBUTE coldest ] day in the US in 2016 ]
weather	when does the sun rise	[IN:GET_SUNRISE when does the sun rise ]
weather	How much summer weather do we have left in Kansas this year	[IN:UNSUPPORTED_WEATHER How much summer weather do we have left in [SL:LOCATION Kansas ] [SL:DATE_TIME this year ] ]
weather	what's the local radar like tomorrow	[IN:GET_WEATHER what 's the [SL:LOCATION [IN:GET_LOCATION [SL:LOCATION_MODIFIER local ] ] ] radar like [SL:DATE_TIME tomorrow ] ]
weather	I am going to Canada in August, do I need a Jacket	[IN:UNSUPPORTED_WEATHER I am going to [SL:LOCATION Canada ] [SL:DATE_TIME in August ] , do I need a [SL:WEATHER_ATTRIBUTE Jacket ] ]
weather	What time does the sunset next Monday	[IN:GET_SUNSET What time does the sunset [SL:DATE_TIME next Monday ] ]
weather	when is the next sunrise?	[IN:GET_SUNRISE when is the next sunrise ? ]
weather	How cold does it get in London in the winter	[IN:UNSUPPORTED_WEATHER How [SL:WEATHER_ATTRIBUTE cold ] does it get in [SL:LOCATION London ] [SL:DATE_TIME in the winter ] ]
weather	Any flash floods in my area	[IN:UNSUPPORTED_WEATHER Any [SL:WEATHER_ATTRIBUTE flash floods ] in [SL:LOCATION my area ] ]
weather	When is sunset today	[IN:GET_SUNSET When is sunset [SL:DATE_TIME today ] ]
weather	when's dawn	[IN:GET_SUNRISE when 's dawn ]
weather	what time will the sunset	[IN:GET_SUNSET what time will the sunset ]
weather	what time is sunrise tomorrow	[IN:GET_SUNRISE what time is sunrise [SL:DATE_TIME tomorrow ] ]
weather	when is dawn tomorrow	[IN:GET_SUNRISE when is dawn [SL:DATE_TIME tomorrow ] ]
weather	What time is sunrise tomorrow	[IN:GET_SUNRISE What time is sunrise [SL:DATE_TIME tomorrow ] ]
weather	What time will the sun rise in Tokyo tomorrow	[IN:GET_SUNRISE What time will the sun rise in [SL:LOCATION Tokyo ] [SL:DATE_TIME tomorrow ] ]
weather	when is sunset in Miami	[IN:GET_SUNSET when is sunset in [SL:LOCATION Miami ] ]
weather	You know what time sundown is?	[IN:GET_SUNSET You know what time sundown is ? ]
weather	At what time will the sun rise today	[IN:GET_SUNRISE At what time will the sun rise [SL:DATE_TIME today ] ]
weather	What time is sunset	[IN:GET_SUNSET What time is sunset ]
weather	what's the radar look like in my area	[IN:GET_WEATHER what 's the radar look like in [SL:LOCATION [IN:GET_LOCATION [SL:LOCATION_USER my area ] ] ] ]
weather	when is sunrise tomorrow	[IN:GET_SUNRISE when is sunrise [SL:DATE_TIME tomorrow ] ]
weather	What time is sunrise	[IN:GET_SUNRISE What time is sunrise ]
weather	What time does the sun set	[IN:GET_SUNSET What time does the sun set ]
weather	when is sunset?	[IN:GET_SUNSET when is sunset ? ]
weather	what time is tomorrows sunset	[IN:GET_SUNSET what time is [SL:DATE_TIME tomorrows ] sunset ]
weather	What time is sunrise tomorrow	[IN:GET_SUNRISE What time is sunrise [SL:DATE_TIME tomorrow ] ]
weather	What time is sunset in Moscow	[IN:GET_SUNSET What time is sunset in [SL:LOCATION Moscow ] ]
weather	What time is sunrise tomorrow	[IN:GET_SUNRISE What time is sunrise [SL:DATE_TIME tomorrow ] ]
weather	What time did the sun rise today	[IN:GET_SUNRISE What time did the sun rise [SL:DATE_TIME today ] ]
weather	When is the sunset in California	[IN:GET_SUNSET When is the sunset in [SL:LOCATION California ] ]
weather	when is sunrise today?	[IN:GET_SUNRISE when is sunrise [SL:DATE_TIME today ] ? ]
weather	What time is sunset	[IN:GET_SUNSET What time is sunset ]
weather	What time does the sun set	[IN:GET_SUNSET What time does the sun set ]
weather	what time is the sunrise	[IN:GET_SUNRISE what time is the sunrise ]
weather	When does the sunrise tomorrow?	[IN:GET_SUNRISE When does the sunrise [SL:DATE_TIME tomorrow ] ? ]
weather	What time is sunrise?	[IN:GET_SUNRISE What time is sunrise ? ]
weather	when does it get dark	[IN:GET_SUNSET when does it get dark ]
weather	at what time will the sun rise in Calaveras County tomorrow	[IN:GET_SUNRISE at what time will the sun rise in [SL:LOCATION Calaveras County ] [SL:DATE_TIME tomorrow ] ]
weather	what is the local radar forecast	[IN:GET_WEATHER what is the [SL:LOCATION [IN:GET_LOCATION [SL:LOCATION_MODIFIER local ] ] ] radar forecast ]
weather	what time is the sun going to set today	[IN:GET_SUNSET what time is the sun going to set [SL:DATE_TIME today ] ]
weather	What time does the sunset	[IN:GET_SUNSET What time does the sunset ]
weather	what time is sunset	[IN:GET_SUNSET what time is sunset ]
weather	What time is tonight's sunset	[IN:GET_SUNSET What time is [SL:DATE_TIME tonight ] 's sunset ]
weather	tell me when sunrise is	[IN:GET_SUNRISE tell me when sunrise is ]
weather	what time is sunset	[IN:GET_SUNSET what time is sunset ]
weather	can you tell me the local radar prediction	[IN:GET_WEATHER can you tell me the [SL:LOCATION [IN:GET_LOCATION [SL:LOCATION_MODIFIER local ] ] ] radar prediction ]
weather	at what time does it start getting dark	[IN:GET_SUNSET at what time does it start getting dark ]
weather	What time is sunrise	[IN:GET_SUNRISE What time is sunrise ]
weather	What time does the sun set today	[IN:GET_SUNSET What time does the sun set [SL:DATE_TIME today ] ]
weather	What time is sunset tomorrow?	[IN:GET_SUNSET What time is sunset [SL:DATE_TIME tomorrow ] ? ]
weather	when is the sunset	[IN:GET_SUNSET when is the sunset ]
weather	what time will it start to get dark out	[IN:GET_SUNSET what time will it start to get dark out ]
weather	when will the dawn be	[IN:GET_SUNRISE when will the dawn be ]
weather	What time is sunset tomorrow?	[IN:GET_SUNSET What time is sunset [SL:DATE_TIME tomorrow ] ? ]
weather	What time will the sunrise Friday	[IN:GET_SUNRISE What time will the sunrise [SL:DATE_TIME Friday ] ]
weather	When is sunset on Friday?	[IN:GET_SUNSET When is sunset [SL:DATE_TIME on Friday ] ? ]
weather	when does the sun set	[IN:GET_SUNSET when does the sun set ]
weather	What time does the sun rise this morning	[IN:GET_SUNRISE What time does the sun rise [SL:DATE_TIME this morning ] ]
weather	show me weather radar in my area	[IN:GET_WEATHER show me weather radar in [SL:LOCATION [IN:GET_LOCATION [SL:LOCATION_USER my area ] ] ] ]
weather	What time is dawn tomorrow	[IN:GET_SUNRISE What time is dawn [SL:DATE_TIME tomorrow ] ]
weather	What time is the sunset	[IN:GET_SUNSET What time is the sunset ]
weather	When does the sun come up	[IN:GET_SUNRISE When does the sun come up ]
weather	When is sunrise on Saturday?	[IN:GET_SUNRISE When is sunrise [SL:DATE_TIME on Saturday ] ? ]
weather	What time did the sun rise 3 years ago today	[IN:GET_SUNRISE What time did the sun rise [SL:DATE_TIME 3 years ago today ] ]
weather	advise me on how many cm of rain is due tomorrow	[IN:GET_WEATHER advise me on how many [SL:MEASUREMENT_UNIT cm ] of [SL:WEATHER_ATTRIBUTE rain ] is due [SL:DATE_TIME tomorrow ] ]
weather	When is sunset	[IN:GET_SUNSET When is sunset ]
weather	What time is sunrise	[IN:GET_SUNRISE What time is sunrise ]
weather	What time is sunset?	[IN:GET_SUNSET What time is sunset ? ]
weather	what time does the sun set	[IN:GET_SUNSET what time does the sun set ]
weather	What time is Sunset tonight	[IN:GET_SUNSET What time is Sunset [SL:DATE_TIME tonight ] ]
weather	What time is sunset	[IN:GET_SUNSET What time is sunset ]
weather	tell me the local radar for tomorrow	[IN:GET_WEATHER tell me the [SL:LOCATION [IN:GET_LOCATION [SL:LOCATION_MODIFIER local ] ] ] radar [SL:DATE_TIME for tomorrow ] ]
weather	Tell me the time of sundown.	[IN:GET_SUNSET Tell me the time of sundown . ]
weather	What time is the sunset today?	[IN:GET_SUNSET What time is the sunset [SL:DATE_TIME today ] ? ]
weather	When is sunset	[IN:GET_SUNSET When is sunset ]
weather	When will the sun rise today?	[IN:GET_SUNRISE When will the sun rise [SL:DATE_TIME today ] ? ]
weather	When's sunset in LA	[IN:GET_SUNSET When 's sunset in [SL:LOCATION LA ] ]
weather	What time is the sun setting tonight in the Outer Banks	[IN:GET_SUNSET What time is the sun setting [SL:DATE_TIME tonight ] in the [SL:LOCATION Outer Banks ] ]
weather	What time does the sun rise tomorrow	[IN:GET_SUNRISE What time does the sun rise [SL:DATE_TIME tomorrow ] ]
weather	Tell me the sundown time.	[IN:GET_SUNSET Tell me the sundown time . ]
weather	When does the sunset	[IN:GET_SUNSET When does the sunset ]
weather	When is dusk the day after tomorrow	[IN:GET_SUNSET When is dusk the [SL:DATE_TIME day after tomorrow ] ]
weather	what time will the sunrise	[IN:GET_SUNRISE what time will the sunrise ]
weather	Pull up the radar for my current area	[IN:GET_WEATHER Pull up the radar for [SL:LOCATION [IN:GET_LOCATION [SL:LOCATION_USER my current area ] ] ] ]
weather	what time does sunrise in new york tomorrow	[IN:GET_SUNRISE what time does sunrise in [SL:LOCATION new york ] [SL:DATE_TIME tomorrow ] ]
weather	gimmie that local radar readout	[IN:GET_WEATHER gimmie that [SL:LOCATION [IN:GET_LOCATION [SL:LOCATION_MODIFIER local ] ] ] radar readout ]
weather	when is sunrise	[IN:GET_SUNRISE when is sunrise ]
weather	When is sunrise tomorrow	[IN:GET_SUNRISE When is sunrise [SL:DATE_TIME tomorrow ] ]
weather	Weather in current location	[IN:GET_WEATHER Weather in [SL:LOCATION [IN:GET_LOCATION [SL:LOCATION_USER current location ] ] ] ]
weather	when does the sun rise	[IN:GET_SUNRISE when does the sun rise ]
weather	When is dawn tomorrow	[IN:GET_SUNRISE When is dawn [SL:DATE_TIME tomorrow ] ]
weather	When time does the sunrise in New York	[IN:GET_SUNRISE When time does the sunrise in [SL:LOCATION New York ] ]
weather	Sunrise and sunset times in Los Angeles	[IN:GET_SUNRISE Sunrise and sunset times in [SL:LOCATION Los Angeles ] ]
weather	What time was sunrise this morning	[IN:GET_SUNRISE What time was sunrise [SL:DATE_TIME this morning ] ]
weather	What time is sunrise tomorrow morning?	[IN:GET_SUNRISE What time is sunrise [SL:DATE_TIME tomorrow morning ] ? ]
weather	What time does the sun rise	[IN:GET_SUNRISE What time does the sun rise ]
weather	how many millimetres of rain is expected?	[IN:GET_WEATHER how many [SL:MEASUREMENT_UNIT millimetres ] of [SL:WEATHER_ATTRIBUTE rain ] is expected ? ]
weather	What is the forecast for this weekend at my mums?	[IN:GET_WEATHER What is the forecast [SL:DATE_TIME for this weekend ] at [SL:LOCATION [IN:GET_INFO_CONTACT [SL:CONTACT [IN:GET_CONTACT [SL:CONTACT_RELATED my ] [SL:TYPE_RELATION mums ] ] ] ] ] ? ]
weather	when is the dawn	[IN:GET_SUNRISE when is the dawn ]
weather	I need the local radar	[IN:GET_WEATHER I need the [SL:LOCATION [IN:GET_LOCATION [SL:LOCATION_MODIFIER local ] ] ] radar ]
weather	tell me local radar for today	[IN:GET_WEATHER tell me [SL:LOCATION [IN:GET_LOCATION [SL:LOCATION_MODIFIER local ] ] ] radar [SL:DATE_TIME for today ] ]
weather	What time is dusk in my town	[IN:GET_SUNSET What time is dusk in [SL:LOCATION [IN:GET_LOCATION [SL:LOCATION_USER my town ] ] ] ]
weather	SHOW ME THE RADAR FOR MY AREA	[IN:GET_WEATHER SHOW ME THE RADAR FOR [SL:LOCATION [IN:GET_LOCATION [SL:LOCATION_USER MY AREA ] ] ] ]
weather	what is the weather here?	[IN:GET_WEATHER what is the weather [SL:LOCATION [IN:GET_LOCATION [SL:LOCATION_USER here ] ] ] ? ]
weather	tell me local radar	[IN:GET_WEATHER tell me [SL:LOCATION [IN:GET_LOCATION [SL:LOCATION_MODIFIER local ] ] ] radar ]
weather	what's the local radar	[IN:GET_WEATHER what 's the [SL:LOCATION [IN:GET_LOCATION [SL:LOCATION_MODIFIER local ] ] ] radar ]
weather	Weather here 10th June	[IN:GET_WEATHER Weather [SL:LOCATION [IN:GET_LOCATION [SL:LOCATION_USER here ] ] ] [SL:DATE_TIME 10th June ] ]
weather	radar for my region	[IN:GET_WEATHER radar for [SL:LOCATION [IN:GET_LOCATION [SL:LOCATION_USER my region ] ] ] ]
weather	How many mm of rain are we expecting this evening.	[IN:GET_WEATHER How many [SL:MEASUREMENT_UNIT mm ] of [SL:WEATHER_ATTRIBUTE rain ] are we expecting [SL:DATE_TIME this evening ] . ]
weather	What time does the sun set this time of year in my city	[IN:GET_SUNSET What time does the sun set this time of year in [SL:LOCATION [IN:GET_LOCATION [SL:LOCATION_USER my city ] ] ] ]
weather	How many cm of snow are we expecting?	[IN:GET_WEATHER How many [SL:MEASUREMENT_UNIT cm ] of [SL:WEATHER_ATTRIBUTE snow ] are we expecting ? ]
weather	in centimeters, how much rain will we be getting tonight	[IN:GET_WEATHER in [SL:MEASUREMENT_UNIT centimeters ] , how much [SL:WEATHER_ATTRIBUTE rain ] will we be getting [SL:DATE_TIME tonight ] ]
weather	whats the weather radar look like near me	[IN:GET_WEATHER whats the weather radar look like [SL:LOCATION [IN:GET_LOCATION [SL:SEARCH_RADIUS near ] [SL:LOCATION_USER me ] ] ] ]
